{
  "summary": {
    "successRate": 1,
    "total": 10.000679234,
    "slowest": 0.004884275,
    "fastest": 0.000151184,
    "average": 0.0009892551294482914,
    "requestsPerSec": 50456.07285198125,
    "totalData": 6559735,
    "sizePerRequest": 13,
    "sizePerSec": 655928.9470757563
  },
  "responseTimeHistogram": {
    "0.000151184": 1,
    "0.0006244931000000001": 4394,
    "0.0010978022": 443079,
    "0.0015711113000000001": 56365,
    "0.0020444204": 584,
    "0.0025177295": 53,
    "0.0029910386000000003": 57,
    "0.0034643477000000002": 25,
    "0.003937656800000001": 12,
    "0.004410965900000001": 9,
    "0.004884275": 16
  },
  "latencyPercentiles": {
    "p10": 0.000863273,
    "p25": 0.000925028,
    "p50": 0.000998938,
    "p75": 0.001060151,
    "p90": 0.001103341,
    "p95": 0.001137397,
    "p99": 0.00124468
  },
  "rps": {
    "mean": 50456.36085154743,
    "stddev": 2525.4111726173264,
    "max": 62031.64977030928,
    "percentiles": {
      "p10": 48547.2461799817,
      "p25": 49508.99578453188,
      "p50": 50354.75072045898,
      "p75": 51455.49475108879,
      "p90": 53044.284844998634,
      "p95": 53886.78084609279,
      "p99": 55747.100725399556
    }
  },
  "details": {
    "DNSDialup": {
      "average": 0.0008296510200000002,
      "fastest": 0.000117862,
      "slowest": 0.001254876
    },
    "DNSLookup": {
      "average": 0.000006409519999999998,
      "fastest": 0.000003186,
      "slowest": 0.00003208
    }
  },
  "statusCodeDistribution": {
    "200": 504595
  },
  "errorDistribution": {}
}