{
  "summary": {
    "successRate": 1,
    "total": 10.000727616,
    "slowest": 0.004984128,
    "fastest": 0.000212571,
    "average": 0.0009897568282151463,
    "requestsPerSec": 50430.330608456396,
    "totalData": 6556420,
    "sizePerRequest": 13,
    "sizePerSec": 655594.2979099331
  },
  "responseTimeHistogram": {
    "0.000212571": 1,
    "0.0006897267": 10224,
    "0.0011668824": 478827,
    "0.0016440381": 14664,
    "0.0021211938000000002": 437,
    "0.0025983495": 74,
    "0.0030755052": 39,
    "0.0035526609": 4,
    "0.0040298166000000005": 33,
    "0.0045069723": 20,
    "0.004984128": 17
  },
  "latencyPercentiles": {
    "p10": 0.000864304,
    "p25": 0.000925805,
    "p50": 0.0009999,
    "p75": 0.001060367,
    "p90": 0.00110375,
    "p95": 0.001137478,
    "p99": 0.001245902
  },
  "rps": {
    "mean": 50431.10104544541,
    "stddev": 2701.573428424468,
    "max": 68455.44863275927,
    "percentiles": {
      "p10": 48549.530230735494,
      "p25": 49487.79629941455,
      "p50": 50300.03671301464,
      "p75": 51416.31953982158,
      "p90": 53126.866256267385,
      "p95": 54342.18781648416,
      "p99": 56660.1220555168
    }
  },
  "details": {
    "DNSDialup": {
      "average": 0.0005141180799999999,
      "fastest": 0.000068939,
      "slowest": 0.00079458
    },
    "DNSLookup": {
      "average": 0.0000061291599999999994,
      "fastest": 0.000003256,
      "slowest": 0.000032501
    }
  },
  "statusCodeDistribution": {
    "200": 504340
  },
  "errorDistribution": {}
}