{
  "summary": {
    "successRate": 1,
    "total": 10.000667217,
    "slowest": 0.004959212,
    "fastest": 0.000191123,
    "average": 0.0009682386729557381,
    "requestsPerSec": 51551.66038558125,
    "totalData": 6702163,
    "sizePerRequest": 13,
    "sizePerSec": 670171.5850125563
  },
  "responseTimeHistogram": {
    "0.000191123": 1,
    "0.0006679319000000001": 10733,
    "0.0011447408": 490700,
    "0.0016215497000000001": 13642,
    "0.0020983586": 316,
    "0.0025751675000000003": 42,
    "0.0030519764000000002": 49,
    "0.0035287853000000005": 21,
    "0.0040055942": 29,
    "0.0044824031": 13,
    "0.004959212": 5
  },
  "latencyPercentiles": {
    "p10": 0.000842452,
    "p25": 0.000906701,
    "p50": 0.000979543,
    "p75": 0.001039389,
    "p90": 0.001081861,
    "p95": 0.00111354,
    "p99": 0.001209705
  },
  "rps": {
    "mean": 51550.18538457998,
    "stddev": 2614.1723948643144,
    "max": 62483.66617409909,
    "percentiles": {
      "p10": 49631.029037474815,
      "p25": 50441.88694291771,
      "p50": 51176.782813017875,
      "p75": 52521.07670808333,
      "p90": 54458.275800935146,
      "p95": 55604.84318183808,
      "p99": 58520.17117150186
    }
  },
  "details": {
    "DNSDialup": {
      "average": 0.0008187844800000001,
      "fastest": 0.000139756,
      "slowest": 0.001334078
    },
    "DNSLookup": {
      "average": 0.000006604080000000001,
      "fastest": 0.000003767,
      "slowest": 0.000027402
    }
  },
  "statusCodeDistribution": {
    "200": 515551
  },
  "errorDistribution": {}
}