{
  "summary": {
    "successRate": 1,
    "total": 10.000740404,
    "slowest": 0.015344976,
    "fastest": 0.001081331,
    "average": 0.003538857743952485,
    "requestsPerSec": 14103.7557522826,
    "totalData": 1833624,
    "sizePerRequest": 13,
    "sizePerSec": 183348.82477967377
  },
  "responseTimeHistogram": {
    "0.001081331": 1,
    "0.0025076955": 39,
    "0.00393406": 122294,
    "0.0053604245000000005": 17181,
    "0.006786789": 1110,
    "0.0082131535": 111,
    "0.009639518": 228,
    "0.0110658825": 42,
    "0.012492247": 11,
    "0.013918611499999999": 15,
    "0.015344976": 16
  },
  "latencyPercentiles": {
    "p10": 0.003282191,
    "p25": 0.003345005,
    "p50": 0.003414012,
    "p75": 0.003509918,
    "p90": 0.004068298,
    "p95": 0.004237299,
    "p99": 0.005418815
  },
  "rps": {
    "mean": 14106.749294018751,
    "stddev": 1357.5900572786766,
    "max": 16385.57217598803,
    "percentiles": {
      "p10": 13051.767224343235,
      "p25": 13647.939753177601,
      "p50": 14464.68317020057,
      "p75": 14836.816075409319,
      "p90": 15145.908764054637,
      "p95": 15409.607890519843,
      "p99": 15698.154601833352
    }
  },
  "details": {
    "DNSDialup": {
      "average": 0.0007243811399999998,
      "fastest": 0.000089551,
      "slowest": 0.0012495
    },
    "DNSLookup": {
      "average": 0.00000744596,
      "fastest": 0.000003487,
      "slowest": 0.000024516
    }
  },
  "statusCodeDistribution": {
    "200": 141048
  },
  "errorDistribution": {}
}