{
  "summary": {
    "successRate": 1,
    "total": 10.000638124,
    "slowest": 0.017626679,
    "fastest": 0.000949443,
    "average": 0.0035361322870046618,
    "requestsPerSec": 14114.899294400266,
    "totalData": 1835054,
    "sizePerRequest": 13,
    "sizePerSec": 183493.69082720345
  },
  "responseTimeHistogram": {
    "0.000949443": 1,
    "0.0026171666": 431,
    "0.0042848902": 133803,
    "0.0059526138": 5797,
    "0.0076203374": 778,
    "0.009288060999999998": 298,
    "0.010955784599999999": 0,
    "0.012623508199999998": 6,
    "0.014291231799999998": 11,
    "0.0159589554": 17,
    "0.017626679": 16
  },
  "latencyPercentiles": {
    "p10": 0.003266224,
    "p25": 0.003332448,
    "p50": 0.003402961,
    "p75": 0.003505425,
    "p90": 0.004063032,
    "p95": 0.004279789,
    "p99": 0.005681562
  },
  "rps": {
    "mean": 14119.614651705688,
    "stddev": 1453.2146666480248,
    "max": 17757.16029900245,
    "percentiles": {
      "p10": 13061.859661169425,
      "p25": 13628.579130436223,
      "p50": 14482.840062654976,
      "p75": 14883.354225338371,
      "p90": 15205.75842071396,
      "p95": 15426.938961584834,
      "p99": 15778.250656305283
    }
  },
  "details": {
    "DNSDialup": {
      "average": 0.00052536882,
      "fastest": 0.000071093,
      "slowest": 0.000911222
    },
    "DNSLookup": {
      "average": 0.000005888260000000001,
      "fastest": 0.000003336,
      "slowest": 0.000024877
    }
  },
  "statusCodeDistribution": {
    "200": 141158
  },
  "errorDistribution": {}
}