{
  "summary": {
    "successRate": 1,
    "total": 10.001669605,
    "slowest": 0.015258258,
    "fastest": 0.001316776,
    "average": 0.00350447641473242,
    "requestsPerSec": 14241.022311794311,
    "totalData": 1851642,
    "sizePerRequest": 13,
    "sizePerSec": 185133.29005332605
  },
  "responseTimeHistogram": {
    "0.001316776": 1,
    "0.0027109242": 68,
    "0.0041050724": 132859,
    "0.0054992206": 8092,
    "0.006893368800000001": 1033,
    "0.008287517000000001": 139,
    "0.0096816652": 195,
    "0.0110758134": 6,
    "0.012469961600000001": 12,
    "0.013864109800000001": 14,
    "0.015258258000000002": 15
  },
  "latencyPercentiles": {
    "p10": 0.003221324,
    "p25": 0.003290673,
    "p50": 0.003370621,
    "p75": 0.003531224,
    "p90": 0.004000102,
    "p95": 0.00419131,
    "p99": 0.005494173
  },
  "rps": {
    "mean": 14245.362903827998,
    "stddev": 1412.8598611416119,
    "max": 17907.11110231501,
    "percentiles": {
      "p10": 13115.797978665312,
      "p25": 13773.22535258574,
      "p50": 14583.320269108912,
      "p75": 15051.74488857769,
      "p90": 15367.063833554055,
      "p95": 15573.029347801279,
      "p99": 16071.774654811186
    }
  },
  "details": {
    "DNSDialup": {
      "average": 0.0007283563399999999,
      "fastest": 0.000079353,
      "slowest": 0.00124548
    },
    "DNSLookup": {
      "average": 0.000006553580000000001,
      "fastest": 0.000003036,
      "slowest": 0.000028213
    }
  },
  "statusCodeDistribution": {
    "200": 142434
  },
  "errorDistribution": {}
}