{
  "summary": {
    "successRate": 1,
    "total": 10.000625682,
    "slowest": 0.027049612,
    "fastest": 0.002723923,
    "average": 0.005106602833147736,
    "requestsPerSec": 9785.287752158865,
    "totalData": 3816501,
    "sizePerRequest": 39,
    "sizePerSec": 381626.22233419574
  },
  "responseTimeHistogram": {
    "0.002723923": 1,
    "0.005156491900000001": 75215,
    "0.0075890608": 17464,
    "0.010021629700000001": 2744,
    "0.0124541986": 2123,
    "0.014886767500000002": 162,
    "0.017319336400000003": 93,
    "0.0197519053": 31,
    "0.022184474200000002": 11,
    "0.024617043100000003": 11,
    "0.027049612000000004": 4
  },
  "latencyPercentiles": {
    "p10": 0.0041434,
    "p25": 0.004255708,
    "p50": 0.004946038,
    "p75": 0.005133291,
    "p90": 0.005941727,
    "p95": 0.007835072,
    "p99": 0.010861476
  },
  "rps": {
    "mean": 9776.32447994951,
    "stddev": 1902.8677583797885,
    "max": 12944.716949380867,
    "percentiles": {
      "p10": 6264.610780871199,
      "p25": 9625.430387083064,
      "p50": 10478.910557418016,
      "p75": 10732.412960381349,
      "p90": 11165.060910989647,
      "p95": 11409.624685777344,
      "p99": 11780.292996420065
    }
  },
  "details": {
    "DNSDialup": {
      "average": 0.0008038408200000001,
      "fastest": 0.000090879,
      "slowest": 0.00163092
    },
    "DNSLookup": {
      "average": 0.00002452262,
      "fastest": 0.000003095,
      "slowest": 0.00088641
    }
  },
  "statusCodeDistribution": {
    "200": 97859
  },
  "errorDistribution": {}
}