{
  "summary": {
    "successRate": 1,
    "total": 10.001354698,
    "slowest": 0.028411814,
    "fastest": 0.003602105,
    "average": 0.005432145805161183,
    "requestsPerSec": 9198.153927927015,
    "totalData": 3587766,
    "sizePerRequest": 39,
    "sizePerSec": 358728.00318915356
  },
  "responseTimeHistogram": {
    "0.003602105": 1,
    "0.0060830759": 77341,
    "0.008564046799999999": 10093,
    "0.0110450177": 2555,
    "0.013525988599999999": 1663,
    "0.0160069595": 170,
    "0.018487930399999998": 87,
    "0.0209689013": 36,
    "0.0234498722": 36,
    "0.0259308431": 11,
    "0.028411814": 1
  },
  "latencyPercentiles": {
    "p10": 0.004316998,
    "p25": 0.004452395,
    "p50": 0.00517924,
    "p75": 0.005441383,
    "p90": 0.006621428,
    "p95": 0.008526729,
    "p99": 0.011740363
  },
  "rps": {
    "mean": 9195.639718237835,
    "stddev": 1942.938036383257,
    "max": 11537.941344951798,
    "percentiles": {
      "p10": 5873.614134094182,
      "p25": 9030.568474285148,
      "p50": 10084.339713087496,
      "p75": 10392.374054923524,
      "p90": 10530.782274375013,
      "p95": 10645.265453672597,
      "p99": 10916.750662216247
    }
  },
  "details": {
    "DNSDialup": {
      "average": 0.0006434086800000001,
      "fastest": 0.000071435,
      "slowest": 0.00101131
    },
    "DNSLookup": {
      "average": 0.0000066421400000000014,
      "fastest": 0.000003076,
      "slowest": 0.00004783
    }
  },
  "statusCodeDistribution": {
    "200": 91994
  },
  "errorDistribution": {}
}