{
  "summary": {
    "successRate": 1,
    "total": 10.000791145,
    "slowest": 0.025297482,
    "fastest": 0.003223012,
    "average": 0.006204899934312648,
    "requestsPerSec": 8052.662917599605,
    "totalData": 3140787,
    "sizePerRequest": 39,
    "sizePerSec": 314053.85378638457
  },
  "responseTimeHistogram": {
    "0.003223012": 1,
    "0.005430459": 34482,
    "0.007637906": 33313,
    "0.009845353000000001": 9388,
    "0.012052799999999999": 2316,
    "0.014260247": 736,
    "0.016467694": 119,
    "0.018675141": 77,
    "0.020882588": 46,
    "0.023090035000000002": 38,
    "0.025297482": 17
  },
  "latencyPercentiles": {
    "p10": 0.004397596,
    "p25": 0.005110208,
    "p50": 0.005796748,
    "p75": 0.007115493,
    "p90": 0.007949239,
    "p95": 0.009309114,
    "p99": 0.012394072
  },
  "rps": {
    "mean": 8039.330885770944,
    "stddev": 1928.9308745304966,
    "max": 11529.30034176448,
    "percentiles": {
      "p10": 5695.420705712295,
      "p25": 7013.26699717825,
      "p50": 7975.764448537286,
      "p75": 9771.158360830577,
      "p90": 10391.158908108588,
      "p95": 10536.4141666458,
      "p99": 10855.325597375993
    }
  },
  "details": {
    "DNSDialup": {
      "average": 0.00078601906,
      "fastest": 0.000098211,
      "slowest": 0.001357873
    },
    "DNSLookup": {
      "average": 0.0000061021,
      "fastest": 0.000002806,
      "slowest": 0.000028613
    }
  },
  "statusCodeDistribution": {
    "200": 80533
  },
  "errorDistribution": {}
}