{
  "summary": {
    "successRate": 1,
    "total": 10.00061881,
    "slowest": 0.005824601,
    "fastest": 0.000233818,
    "average": 0.0010151655390015764,
    "requestsPerSec": 49168.05743143808,
    "totalData": 6392243,
    "sizePerRequest": 13,
    "sizePerSec": 639184.746608695
  },
  "responseTimeHistogram": {
    "0.000233818": 1,
    "0.0007928963000000001": 14557,
    "0.0013519746000000001": 473758,
    "0.0019110529000000002": 2944,
    "0.0024701312000000005": 217,
    "0.0030292095000000003": 56,
    "0.0035882878": 50,
    "0.004147366100000001": 40,
    "0.004706444400000001": 24,
    "0.005265522700000001": 20,
    "0.005824601": 44
  },
  "latencyPercentiles": {
    "p10": 0.00088939,
    "p25": 0.000944264,
    "p50": 0.001022882,
    "p75": 0.001081902,
    "p90": 0.001131736,
    "p95": 0.001172372,
    "p99": 0.001289703
  },
  "rps": {
    "mean": 49166.196986259405,
    "stddev": 2870.7743740101955,
    "max": 66839.20787934322,
    "percentiles": {
      "p10": 47553.37866755404,
      "p25": 48411.2749859494,
      "p50": 49196.23116211289,
      "p75": 50071.72422585695,
      "p90": 51465.28074912577,
      "p95": 52572.71331979354,
      "p99": 54608.36883890661
    }
  },
  "details": {
    "DNSDialup": {
      "average": 0.0007337858399999999,
      "fastest": 0.000093225,
      "slowest": 0.001515838
    },
    "DNSLookup": {
      "average": 0.000008313040000000001,
      "fastest": 0.000002755,
      "slowest": 0.00003216
    }
  },
  "statusCodeDistribution": {
    "200": 491711
  },
  "errorDistribution": {}
}