{
  "summary": {
    "successRate": 1,
    "total": 10.000701519,
    "slowest": 0.006484975,
    "fastest": 0.000176703,
    "average": 0.0009948313067778547,
    "requestsPerSec": 50174.480164884924,
    "totalData": 6523140,
    "sizePerRequest": 13,
    "sizePerSec": 652268.242143504
  },
  "responseTimeHistogram": {
    "0.000176703": 1,
    "0.0008075302": 21119,
    "0.0014383573999999998": 478891,
    "0.0020691845999999997": 1493,
    "0.0027000117999999994": 95,
    "0.003330838999999999": 59,
    "0.003961666199999999": 49,
    "0.0045924934": 24,
    "0.005223320599999999": 21,
    "0.005854147799999999": 16,
    "0.006484974999999999": 12
  },
  "latencyPercentiles": {
    "p10": 0.000873701,
    "p25": 0.000928381,
    "p50": 0.001003971,
    "p75": 0.001062023,
    "p90": 0.001105296,
    "p95": 0.001138736,
    "p99": 0.001236541
  },
  "rps": {
    "mean": 50170.234088909216,
    "stddev": 2756.3449835110328,
    "max": 62234.72697765385,
    "percentiles": {
      "p10": 48583.55886288592,
      "p25": 49335.15129529784,
      "p50": 50021.68440018783,
      "p75": 51112.80970852524,
      "p90": 52635.6132559315,
      "p95": 53616.25612816351,
      "p99": 55746.87070556119
    }
  },
  "details": {
    "DNSDialup": {
      "average": 0.00077972166,
      "fastest": 0.000103944,
      "slowest": 0.001210904
    },
    "DNSLookup": {
      "average": 0.00000615354,
      "fastest": 0.000003386,
      "slowest": 0.000025909
    }
  },
  "statusCodeDistribution": {
    "200": 501780
  },
  "errorDistribution": {}
}