{
  "summary": {
    "successRate": 1,
    "total": 10.000725485,
    "slowest": 0.006494773,
    "fastest": 0.000091445,
    "average": 0.0010153092641020612,
    "requestsPerSec": 49161.133433511095,
    "totalData": 6391411,
    "sizePerRequest": 13,
    "sizePerSec": 639094.7346356442
  },
  "responseTimeHistogram": {
    "0.000091445": 1,
    "0.0007317778": 10649,
    "0.0013721106": 477878,
    "0.0020124434": 2791,
    "0.0026527762": 142,
    "0.003293109": 103,
    "0.0039334418000000005": 17,
    "0.0045737746": 18,
    "0.0052141074": 11,
    "0.0058544402": 17,
    "0.006494773": 20
  },
  "latencyPercentiles": {
    "p10": 0.000887601,
    "p25": 0.000946548,
    "p50": 0.001024363,
    "p75": 0.001084675,
    "p90": 0.001132964,
    "p95": 0.001173009,
    "p99": 0.001291859
  },
  "rps": {
    "mean": 49159.212037492696,
    "stddev": 2877.924396100378,
    "max": 74139.77571916358,
    "percentiles": {
      "p10": 47491.504743729536,
      "p25": 48300.606809211,
      "p50": 49002.287374669395,
      "p75": 50056.17804862284,
      "p90": 51633.49464797838,
      "p95": 52442.20548697578,
      "p99": 54923.30281481743
    }
  },
  "details": {
    "DNSDialup": {
      "average": 0.00073578252,
      "fastest": 0.000072635,
      "slowest": 0.001327498
    },
    "DNSLookup": {
      "average": 0.000006547,
      "fastest": 0.000003516,
      "slowest": 0.000029676
    }
  },
  "statusCodeDistribution": {
    "200": 491647
  },
  "errorDistribution": {}
}