{
  "summary": {
    "successRate": 1,
    "total": 10.000604647,
    "slowest": 0.007807166,
    "fastest": 0.000280677,
    "average": 0.0011109459430870688,
    "requestsPerSec": 44936.08295322506,
    "totalData": 5842044,
    "sizePerRequest": 13,
    "sizePerSec": 584169.0783919258
  },
  "responseTimeHistogram": {
    "0.000280677": 1,
    "0.0010333259": 120915,
    "0.0017859748": 327388,
    "0.0025386237": 856,
    "0.0032912726": 123,
    "0.0040439214999999995": 8,
    "0.0047965704": 12,
    "0.0055492193": 22,
    "0.0063018682": 13,
    "0.007054517099999999": 11,
    "0.007807165999999999": 39
  },
  "latencyPercentiles": {
    "p10": 0.000979967,
    "p25": 0.001028009,
    "p50": 0.001118438,
    "p75": 0.001179722,
    "p90": 0.001227162,
    "p95": 0.001269612,
    "p99": 0.00140193
  },
  "rps": {
    "mean": 44928.21831775074,
    "stddev": 2725.532474628769,
    "max": 57500.64913624229,
    "percentiles": {
      "p10": 43173.63449543419,
      "p25": 44406.94524623627,
      "p50": 45299.13716167829,
      "p75": 46033.61256045727,
      "p90": 46811.484376971515,
      "p95": 47465.44079388705,
      "p99": 48763.049037355435
    }
  },
  "details": {
    "DNSDialup": {
      "average": 0.0008698013600000002,
      "fastest": 0.000112431,
      "slowest": 0.001365216
    },
    "DNSLookup": {
      "average": 0.0000066358800000000006,
      "fastest": 0.000003627,
      "slowest": 0.000025297
    }
  },
  "statusCodeDistribution": {
    "200": 449388
  },
  "errorDistribution": {}
}