{
  "summary": {
    "successRate": 1,
    "total": 10.000668433,
    "slowest": 0.008635662,
    "fastest": 0.000420928,
    "average": 0.0011128008256976402,
    "requestsPerSec": 44858.70149635827,
    "totalData": 5832021,
    "sizePerRequest": 13,
    "sizePerSec": 583163.1194526575
  },
  "responseTimeHistogram": {
    "0.000420928": 1,
    "0.0012424014": 413253,
    "0.0020638748": 34689,
    "0.0028853482000000003": 507,
    "0.0037068216000000005": 61,
    "0.004528295000000001": 17,
    "0.0053497684000000005": 33,
    "0.006171241800000001": 6,
    "0.006992715200000001": 0,
    "0.0078141886": 29,
    "0.008635662": 21
  },
  "latencyPercentiles": {
    "p10": 0.000980589,
    "p25": 0.001029667,
    "p50": 0.00111862,
    "p75": 0.001182456,
    "p90": 0.00122939,
    "p95": 0.001272458,
    "p99": 0.00141623
  },
  "rps": {
    "mean": 44851.882376173875,
    "stddev": 2720.644296517328,
    "max": 50712.836704364374,
    "percentiles": {
      "p10": 43212.10371024943,
      "p25": 44334.554351662904,
      "p50": 45214.14310426671,
      "p75": 46010.04613213221,
      "p90": 46854.31938633279,
      "p95": 47564.53970044934,
      "p99": 48529.06405646411
    }
  },
  "details": {
    "DNSDialup": {
      "average": 0.00063955274,
      "fastest": 0.000078049,
      "slowest": 0.000924957
    },
    "DNSLookup": {
      "average": 0.00000608876,
      "fastest": 0.000003116,
      "slowest": 0.000029205
    }
  },
  "statusCodeDistribution": {
    "200": 448617
  },
  "errorDistribution": {}
}