{
  "summary": {
    "successRate": 1,
    "total": 10.000664944,
    "slowest": 0.009698165,
    "fastest": 0.000228699,
    "average": 0.0011209112857944866,
    "requestsPerSec": 44535.338649377714,
    "totalData": 5789979,
    "sizePerRequest": 13,
    "sizePerSec": 578959.4024419102
  },
  "responseTimeHistogram": {
    "0.000228699": 1,
    "0.0011756455999999999": 301288,
    "0.0021225922": 143587,
    "0.0030695388": 378,
    "0.0040164853999999995": 29,
    "0.004963431999999999": 16,
    "0.005910378599999999": 24,
    "0.006857325199999999": 10,
    "0.007804271799999999": 0,
    "0.0087512184": 0,
    "0.009698165": 50
  },
  "latencyPercentiles": {
    "p10": 0.000985071,
    "p25": 0.001036928,
    "p50": 0.001127929,
    "p75": 0.001192831,
    "p90": 0.001243077,
    "p95": 0.001291096,
    "p99": 0.001431209
  },
  "rps": {
    "mean": 44527.28036520479,
    "stddev": 2893.536446778535,
    "max": 59947.91636955337,
    "percentiles": {
      "p10": 42791.723979423936,
      "p25": 44018.87088995094,
      "p50": 44769.84095188492,
      "p75": 45683.41273689919,
      "p90": 46545.675271136926,
      "p95": 47150.840253053284,
      "p99": 48540.724414148914
    }
  },
  "details": {
    "DNSDialup": {
      "average": 0.0007023676,
      "fastest": 0.000097794,
      "slowest": 0.001371064
    },
    "DNSLookup": {
      "average": 0.00002269302,
      "fastest": 0.000003136,
      "slowest": 0.000833825
    }
  },
  "statusCodeDistribution": {
    "200": 445383
  },
  "errorDistribution": {}
}