{
  "summary": {
    "successRate": 1,
    "total": 10.000678016,
    "slowest": 0.002999161,
    "fastest": 0.000036125,
    "average": 0.0006075825591573267,
    "requestsPerSec": 82102.63331009736,
    "totalData": 10674066,
    "sizePerRequest": 13,
    "sizePerSec": 1067334.2330312657
  },
  "responseTimeHistogram": {
    "0.000036125": 1,
    "0.00033242860000000005": 63321,
    "0.0006287322000000001": 448297,
    "0.0009250358000000001": 229541,
    "0.0012213394": 59730,
    "0.0015176430000000002": 15981,
    "0.0018139466": 3828,
    "0.0021102502": 341,
    "0.0024065538000000004": 32,
    "0.0027028574000000005": 9,
    "0.0029991610000000006": 1
  },
  "latencyPercentiles": {
    "p10": 0.000353464,
    "p25": 0.000439452,
    "p50": 0.000559256,
    "p75": 0.000738263,
    "p90": 0.00091976,
    "p95": 0.00105752,
    "p99": 0.001406201
  },
  "rps": {
    "mean": 82090.65272683304,
    "stddev": 11081.212120737586,
    "max": 104811.02652079577,
    "percentiles": {
      "p10": 66209.85595237318,
      "p25": 73236.5907048477,
      "p50": 82644.56146377022,
      "p75": 91021.26256693447,
      "p90": 97113.48682069761,
      "p95": 99699.89829608405,
      "p99": 102572.62973584615
    }
  },
  "details": {
    "DNSDialup": {
      "average": 0.00048824483999999993,
      "fastest": 0.00006955,
      "slowest": 0.00088305
    },
    "DNSLookup": {
      "average": 0.00000628598,
      "fastest": 0.000003015,
      "slowest": 0.000029055
    }
  },
  "statusCodeDistribution": {
    "200": 821082
  },
  "errorDistribution": {}
}