{
  "summary": {
    "successRate": 1,
    "total": 10.000613294,
    "slowest": 0.002824666,
    "fastest": 0.000034183,
    "average": 0.0006073807452128124,
    "requestsPerSec": 82141.16233179889,
    "totalData": 10679006,
    "sizePerRequest": 13,
    "sizePerSec": 1067835.1103133855
  },
  "responseTimeHistogram": {
    "0.000034183": 1,
    "0.0003132313": 49351,
    "0.0005922796": 411965,
    "0.0008713279000000001": 257110,
    "0.0011503762": 75352,
    "0.0014294244999999998": 20592,
    "0.0017084728": 6235,
    "0.0019875211": 760,
    "0.0022665694": 82,
    "0.0025456177000000003": 4,
    "0.002824666": 10
  },
  "latencyPercentiles": {
    "p10": 0.000352283,
    "p25": 0.000439115,
    "p50": 0.000559851,
    "p75": 0.000738716,
    "p90": 0.000911872,
    "p95": 0.001058898,
    "p99": 0.001401893
  },
  "rps": {
    "mean": 82136.9508091556,
    "stddev": 11526.474850799916,
    "max": 107156.4285752859,
    "percentiles": {
      "p10": 66645.6255952825,
      "p25": 72662.25747060876,
      "p50": 81887.57056796513,
      "p75": 91232.66129274073,
      "p90": 97911.808164061,
      "p95": 101406.8652447776,
      "p99": 104552.67827608765
    }
  },
  "details": {
    "DNSDialup": {
      "average": 0.0006438030000000001,
      "fastest": 0.000069258,
      "slowest": 0.000930908
    },
    "DNSLookup": {
      "average": 0.0000063224199999999995,
      "fastest": 0.000003195,
      "slowest": 0.000025868
    }
  },
  "statusCodeDistribution": {
    "200": 821462
  },
  "errorDistribution": {}
}