{
  "summary": {
    "successRate": 1,
    "total": 10.000717093,
    "slowest": 0.003399905,
    "fastest": 0.000030257,
    "average": 0.0005979956765881194,
    "requestsPerSec": 83426.01757867764,
    "totalData": 10846160,
    "sizePerRequest": 13,
    "sizePerSec": 1084538.2285228095
  },
  "responseTimeHistogram": {
    "0.000030257": 1,
    "0.0003672218": 101870,
    "0.0007041866": 506054,
    "0.0010411513999999998": 186594,
    "0.0013781161999999998": 31789,
    "0.0017150809999999998": 7422,
    "0.0020520458": 563,
    "0.0023890106": 26,
    "0.0027259754": 0,
    "0.0030629401999999997": 0,
    "0.003399905": 1
  },
  "latencyPercentiles": {
    "p10": 0.000350902,
    "p25": 0.000436232,
    "p50": 0.000553251,
    "p75": 0.000723844,
    "p90": 0.000898164,
    "p95": 0.001031817,
    "p99": 0.001369138
  },
  "rps": {
    "mean": 83425.84225114343,
    "stddev": 11416.481378160499,
    "max": 107562.19303087087,
    "percentiles": {
      "p10": 68135.55994873984,
      "p25": 73898.95816506661,
      "p50": 83611.83943646439,
      "p75": 92923.04491514119,
      "p90": 98566.93680678874,
      "p95": 101432.52941218246,
      "p99": 104605.91023392705
    }
  },
  "details": {
    "DNSDialup": {
      "average": 0.00049661506,
      "fastest": 0.000073257,
      "slowest": 0.000842626
    },
    "DNSLookup": {
      "average": 0.00000598544,
      "fastest": 0.000003517,
      "slowest": 0.000025949
    }
  },
  "statusCodeDistribution": {
    "200": 834320
  },
  "errorDistribution": {}
}