{
  "summary": {
    "successRate": 1,
    "total": 10.000728791,
    "slowest": 0.004152861,
    "fastest": 0.000103514,
    "average": 0.0009811696773712858,
    "requestsPerSec": 50871.49253140865,
    "totalData": 6613776,
    "sizePerRequest": 13,
    "sizePerSec": 661329.4029083125
  },
  "responseTimeHistogram": {
    "0.000103514": 1,
    "0.0005084487": 447,
    "0.0009133834": 120621,
    "0.0013183181": 384940,
    "0.0017232528": 2390,
    "0.0021281875": 200,
    "0.0025331221999999997": 25,
    "0.0029380569": 60,
    "0.0033429916": 28,
    "0.0037479262999999996": 28,
    "0.004152861": 12
  },
  "latencyPercentiles": {
    "p10": 0.000854626,
    "p25": 0.000916814,
    "p50": 0.000991433,
    "p75": 0.001051336,
    "p90": 0.001095939,
    "p95": 0.001134794,
    "p99": 0.001245891
  },
  "rps": {
    "mean": 50870.32968494378,
    "stddev": 2826.474720361978,
    "max": 75358.01059655967,
    "percentiles": {
      "p10": 48828.975113832705,
      "p25": 49785.224529855404,
      "p50": 50703.31013296967,
      "p75": 51810.08720222226,
      "p90": 53553.30696175224,
      "p95": 54643.905228514224,
      "p99": 58017.068621590064
    }
  },
  "details": {
    "DNSDialup": {
      "average": 0.0007294136400000002,
      "fastest": 0.000068138,
      "slowest": 0.001633809
    },
    "DNSLookup": {
      "average": 0.000006429380000000002,
      "fastest": 0.000003546,
      "slowest": 0.000025879
    }
  },
  "statusCodeDistribution": {
    "200": 508752
  },
  "errorDistribution": {}
}