{
  "summary": {
    "successRate": 1,
    "total": 10.000762953,
    "slowest": 0.005015302,
    "fastest": 0.000106669,
    "average": 0.0009929014698930357,
    "requestsPerSec": 50268.66473714328,
    "totalData": 6535425,
    "sizePerRequest": 13,
    "sizePerSec": 653492.6415828626
  },
  "responseTimeHistogram": {
    "0.000106669": 1,
    "0.0005975323": 2526,
    "0.0010883956": 425721,
    "0.0015792589000000001": 73763,
    "0.0020701222000000003": 520,
    "0.0025609855": 48,
    "0.0030518488000000005": 73,
    "0.0035427121000000004": 33,
    "0.0040335754": 23,
    "0.0045244387": 6,
    "0.005015302": 11
  },
  "latencyPercentiles": {
    "p10": 0.000869447,
    "p25": 0.000928853,
    "p50": 0.001003052,
    "p75": 0.001062766,
    "p90": 0.001105886,
    "p95": 0.001138559,
    "p99": 0.001242232
  },
  "rps": {
    "mean": 50265.740841491155,
    "stddev": 2801.0151732599893,
    "max": 74623.51526505718,
    "percentiles": {
      "p10": 48434.71631997375,
      "p25": 49274.794210128384,
      "p50": 50036.56672296129,
      "p75": 51197.20813909834,
      "p90": 52835.29926343849,
      "p95": 53957.14601333731,
      "p99": 56364.142394045026
    }
  },
  "details": {
    "DNSDialup": {
      "average": 0.0008039895400000002,
      "fastest": 0.000054011,
      "slowest": 0.001458999
    },
    "DNSLookup": {
      "average": 0.0000054725,
      "fastest": 0.000002525,
      "slowest": 0.00002712
    }
  },
  "statusCodeDistribution": {
    "200": 502725
  },
  "errorDistribution": {}
}