{
  "summary": {
    "successRate": 1,
    "total": 10.000626446,
    "slowest": 0.004293578,
    "fastest": 0.000238764,
    "average": 0.0009651901727111154,
    "requestsPerSec": 51713.76041216448,
    "totalData": 6723210,
    "sizePerRequest": 13,
    "sizePerSec": 672278.8853581382
  },
  "responseTimeHistogram": {
    "0.000238764": 1,
    "0.0006442454": 10254,
    "0.0010497268": 406389,
    "0.0014552082000000002": 99364,
    "0.0018606896000000002": 938,
    "0.002266171": 88,
    "0.0026716524": 43,
    "0.0030771338": 40,
    "0.0034826152": 22,
    "0.0038880966000000004": 16,
    "0.004293578": 15
  },
  "latencyPercentiles": {
    "p10": 0.000839264,
    "p25": 0.000905017,
    "p50": 0.000977861,
    "p75": 0.001037223,
    "p90": 0.001078032,
    "p95": 0.001108007,
    "p99": 0.001205671
  },
  "rps": {
    "mean": 51713.52988195032,
    "stddev": 2837.1525713630185,
    "max": 78354.63286796285,
    "percentiles": {
      "p10": 49760.83572417227,
      "p25": 50546.384262067186,
      "p50": 51311.28335120893,
      "p75": 52692.91931620009,
      "p90": 54526.76719001139,
      "p95": 55886.08646522443,
      "p99": 58768.84770508953
    }
  },
  "details": {
    "DNSDialup": {
      "average": 0.0006862112599999999,
      "fastest": 0.000064912,
      "slowest": 0.001566468
    },
    "DNSLookup": {
      "average": 0.00000641438,
      "fastest": 0.000003487,
      "slowest": 0.000027672
    }
  },
  "statusCodeDistribution": {
    "200": 517170
  },
  "errorDistribution": {}
}