{
  "summary": {
    "successRate": 1,
    "total": 10.001188679,
    "slowest": 0.015475321,
    "fastest": 0.000251933,
    "average": 0.0016378076155122779,
    "requestsPerSec": 30487.076065290978,
    "totalData": 3963791,
    "sizePerRequest": 13,
    "sizePerSec": 396331.9888487827
  },
  "responseTimeHistogram": {
    "0.000251933": 1,
    "0.0017742718": 237451,
    "0.0032966106000000004": 64617,
    "0.0048189494000000005": 1294,
    "0.0063412882000000005": 866,
    "0.007863627": 544,
    "0.0093859658": 51,
    "0.0109083046": 33,
    "0.0124306434": 0,
    "0.0139529822": 0,
    "0.015475321": 50
  },
  "latencyPercentiles": {
    "p10": 0.001115235,
    "p25": 0.001430687,
    "p50": 0.001678814,
    "p75": 0.001761891,
    "p90": 0.001913826,
    "p95": 0.002131253,
    "p99": 0.003219448
  },
  "rps": {
    "mean": 30486.53225889041,
    "stddev": 3908.021738038598,
    "max": 41099.03290110172,
    "percentiles": {
      "p10": 28733.38244372195,
      "p25": 30143.593665157165,
      "p50": 31172.076281905633,
      "p75": 32315.746386022744,
      "p90": 33135.232692921745,
      "p95": 33726.77383655399,
      "p99": 34947.777106081085
    }
  },
  "details": {
    "DNSDialup": {
      "average": 0.0007328682000000001,
      "fastest": 0.000169941,
      "slowest": 0.001534963
    },
    "DNSLookup": {
      "average": 0.000006543260000000001,
      "fastest": 0.000003316,
      "slowest": 0.000024336
    }
  },
  "statusCodeDistribution": {
    "200": 304907
  },
  "errorDistribution": {}
}