{
  "summary": {
    "successRate": 1,
    "total": 10.000802797,
    "slowest": 0.015983674,
    "fastest": 0.000209272,
    "average": 0.0015803538285591454,
    "requestsPerSec": 31597.863333010984,
    "totalData": 4108052,
    "sizePerRequest": 13,
    "sizePerSec": 410772.2233291428
  },
  "responseTimeHistogram": {
    "0.000209272": 1,
    "0.0017867121999999998": 278773,
    "0.0033641523999999997": 34585,
    "0.004941592599999999": 1122,
    "0.0065190327999999995": 1342,
    "0.008096473": 72,
    "0.009673913199999998": 26,
    "0.011251353399999999": 9,
    "0.012828793599999999": 24,
    "0.0144062338": 0,
    "0.015983674": 50
  },
  "latencyPercentiles": {
    "p10": 0.001083511,
    "p25": 0.001383633,
    "p50": 0.001625336,
    "p75": 0.001700543,
    "p90": 0.00183663,
    "p95": 0.002018802,
    "p99": 0.003010824
  },
  "rps": {
    "mean": 31635.41520973804,
    "stddev": 3907.4960631416475,
    "max": 53811.30820188929,
    "percentiles": {
      "p10": 30004.398644840825,
      "p25": 31419.70958382086,
      "p50": 32406.58104150967,
      "p75": 33334.81138629115,
      "p90": 34096.73848825606,
      "p95": 34589.22959740357,
      "p99": 35526.27523316002
    }
  },
  "details": {
    "DNSDialup": {
      "average": 0.0007990915399999997,
      "fastest": 0.00011282,
      "slowest": 0.001120963
    },
    "DNSLookup": {
      "average": 0.000006291280000000002,
      "fastest": 0.000003247,
      "slowest": 0.000024075
    }
  },
  "statusCodeDistribution": {
    "200": 316004
  },
  "errorDistribution": {}
}