{
  "summary": {
    "successRate": 1,
    "total": 10.001017529,
    "slowest": 0.017239922,
    "fastest": 0.000238138,
    "average": 0.0015962953497650754,
    "requestsPerSec": 31279.81718788966,
    "totalData": 4066790,
    "sizePerRequest": 13,
    "sizePerSec": 406637.6234425656
  },
  "responseTimeHistogram": {
    "0.000238138": 1,
    "0.0019383164000000002": 284735,
    "0.0036384948000000006": 25732,
    "0.0053386732000000004": 1030,
    "0.007038851600000001": 1188,
    "0.008739030000000002": 94,
    "0.010439208400000002": 0,
    "0.012139386800000002": 0,
    "0.013839565200000003": 0,
    "0.015539743600000003": 0,
    "0.017239922": 50
  },
  "latencyPercentiles": {
    "p10": 0.001092084,
    "p25": 0.001403355,
    "p50": 0.001634392,
    "p75": 0.001712785,
    "p90": 0.001870341,
    "p95": 0.002085128,
    "p99": 0.003077042
  },
  "rps": {
    "mean": 31292.605210024485,
    "stddev": 3911.8586406861,
    "max": 36702.388546634946,
    "percentiles": {
      "p10": 29327.6677217263,
      "p25": 30880.629323164372,
      "p50": 32038.924695754653,
      "p75": 33227.804662246424,
      "p90": 33969.64977498331,
      "p95": 34663.25007295015,
      "p99": 35474.67188325334
    }
  },
  "details": {
    "DNSDialup": {
      "average": 0.00049086398,
      "fastest": 0.000072917,
      "slowest": 0.000752879
    },
    "DNSLookup": {
      "average": 0.000005918060000000002,
      "fastest": 0.000003106,
      "slowest": 0.000025207
    }
  },
  "statusCodeDistribution": {
    "200": 312830
  },
  "errorDistribution": {}
}