{
  "summary": {
    "successRate": 1,
    "total": 10.000697958,
    "slowest": 0.006366782,
    "fastest": 0.000265177,
    "average": 0.0011748839642717619,
    "requestsPerSec": 42492.83417864423,
    "totalData": 6374370,
    "sizePerRequest": 15,
    "sizePerSec": 637392.5126796635
  },
  "responseTimeHistogram": {
    "0.000265177": 1,
    "0.0008753375": 2298,
    "0.001485498": 418329,
    "0.0020956585": 3923,
    "0.002705819": 252,
    "0.0033159795": 77,
    "0.00392614": 28,
    "0.0045363005": 0,
    "0.005146461": 22,
    "0.0057566215": 11,
    "0.006366782": 17
  },
  "latencyPercentiles": {
    "p10": 0.001034493,
    "p25": 0.001082716,
    "p50": 0.001184285,
    "p75": 0.001246313,
    "p90": 0.001303319,
    "p95": 0.001350186,
    "p99": 0.001487776
  },
  "rps": {
    "mean": 42489.43092807029,
    "stddev": 2291.974663591542,
    "max": 48200.80013328094,
    "percentiles": {
      "p10": 40907.518801955666,
      "p25": 42115.24948851928,
      "p50": 42912.04970355669,
      "p75": 43382.96519836375,
      "p90": 44129.572151594206,
      "p95": 44555.99795793387,
      "p99": 45915.19793051537
    }
  },
  "details": {
    "DNSDialup": {
      "average": 0.0006909343200000001,
      "fastest": 0.000093455,
      "slowest": 0.001128432
    },
    "DNSLookup": {
      "average": 0.0000072938599999999995,
      "fastest": 0.000003396,
      "slowest": 0.000030858
    }
  },
  "statusCodeDistribution": {
    "200": 424958
  },
  "errorDistribution": {}
}