{
  "summary": {
    "successRate": 1,
    "total": 10.000698239,
    "slowest": 0.005942029,
    "fastest": 0.000391262,
    "average": 0.0011122640672203883,
    "requestsPerSec": 44882.066159100716,
    "totalData": 5835076,
    "sizePerRequest": 13,
    "sizePerSec": 583466.8600683092
  },
  "responseTimeHistogram": {
    "0.000391262": 1,
    "0.0009463386999999999": 22762,
    "0.0015014154": 423594,
    "0.0020564920999999996": 2151,
    "0.0026115687999999997": 219,
    "0.0031666455": 58,
    "0.0037217221999999994": 0,
    "0.0042767989": 17,
    "0.0048318756": 22,
    "0.005386952299999999": 11,
    "0.005942029": 17
  },
  "latencyPercentiles": {
    "p10": 0.000981827,
    "p25": 0.00103112,
    "p50": 0.001120211,
    "p75": 0.001182593,
    "p90": 0.001232892,
    "p95": 0.001270768,
    "p99": 0.001380869
  },
  "rps": {
    "mean": 44888.705109058465,
    "stddev": 2324.3470086781717,
    "max": 51893.75125097878,
    "percentiles": {
      "p10": 43336.406278505805,
      "p25": 44356.11936221655,
      "p50": 45155.10729294084,
      "p75": 45818.0064765467,
      "p90": 46635.943472392915,
      "p95": 47297.828564773255,
      "p99": 48729.99837869579
    }
  },
  "details": {
    "DNSDialup": {
      "average": 0.0005260158399999999,
      "fastest": 0.000072535,
      "slowest": 0.000848415
    },
    "DNSLookup": {
      "average": 0.00000637906,
      "fastest": 0.000003096,
      "slowest": 0.000032461
    }
  },
  "statusCodeDistribution": {
    "200": 448852
  },
  "errorDistribution": {}
}