{
  "summary": {
    "successRate": 1,
    "total": 10.000703632,
    "slowest": 0.005976043,
    "fastest": 0.000421951,
    "average": 0.0011479731841801994,
    "requestsPerSec": 43488.040042340894,
    "totalData": 5653843,
    "sizePerRequest": 13,
    "sizePerSec": 565344.5205504316
  },
  "responseTimeHistogram": {
    "0.000421951": 1,
    "0.0009773602": 22509,
    "0.0015327694000000002": 409795,
    "0.0020881786": 2231,
    "0.0026435878": 196,
    "0.003198997": 93,
    "0.0037544062": 38,
    "0.004309815400000001": 9,
    "0.004865224600000001": 1,
    "0.0054206338000000005": 20,
    "0.005976043": 18
  },
  "latencyPercentiles": {
    "p10": 0.001010765,
    "p25": 0.001059933,
    "p50": 0.001155898,
    "p75": 0.001221734,
    "p90": 0.001276135,
    "p95": 0.00131724,
    "p99": 0.001451155
  },
  "rps": {
    "mean": 43487.27604258424,
    "stddev": 2315.771449140997,
    "max": 49419.71846767272,
    "percentiles": {
      "p10": 41867.612006629555,
      "p25": 43127.60596051628,
      "p50": 43832.022701740105,
      "p75": 44423.664041600576,
      "p90": 45251.14737187925,
      "p95": 45659.76590005114,
      "p99": 46551.02447673223
    }
  },
  "details": {
    "DNSDialup": {
      "average": 0.0006948711000000002,
      "fastest": 0.000067266,
      "slowest": 0.001342592
    },
    "DNSLookup": {
      "average": 0.000007289320000000001,
      "fastest": 0.000003137,
      "slowest": 0.000046267
    }
  },
  "statusCodeDistribution": {
    "200": 434911
  },
  "errorDistribution": {}
}