{
  "summary": {
    "successRate": 1,
    "total": 10.000676626,
    "slowest": 0.182109679,
    "fastest": 0.000210774,
    "average": 0.002751230406142331,
    "requestsPerSec": 18135.272920282503,
    "totalData": 2357745,
    "sizePerRequest": 13,
    "sizePerSec": 235758.54796367255
  },
  "responseTimeHistogram": {
    "0.000210774": 1,
    "0.0184006645": 181322,
    "0.036590555": 7,
    "0.0547804455": 6,
    "0.072970336": 6,
    "0.0911602265": 5,
    "0.109350117": 4,
    "0.1275400075": 4,
    "0.145729898": 3,
    "0.1639197885": 3,
    "0.182109679": 4
  },
  "latencyPercentiles": {
    "p10": 0.002543983,
    "p25": 0.002597813,
    "p50": 0.002656202,
    "p75": 0.002724826,
    "p90": 0.002811784,
    "p95": 0.002913976,
    "p99": 0.005338163
  },
  "rps": {
    "mean": 18134.105158441205,
    "stddev": 1755.0615834672117,
    "max": 19768.241948029012,
    "percentiles": {
      "p10": 17829.1738772162,
      "p25": 18131.100276304216,
      "p50": 18439.279352876973,
      "p75": 18707.09934420116,
      "p90": 18918.46442127425,
      "p95": 19043.98207660543,
      "p99": 19307.896386587632
    }
  },
  "details": {
    "DNSDialup": {
      "average": 0.0006666709399999999,
      "fastest": 0.000073675,
      "slowest": 0.001467035
    },
    "DNSLookup": {
      "average": 0.000006985159999999999,
      "fastest": 0.000003496,
      "slowest": 0.000031058
    }
  },
  "statusCodeDistribution": {
    "200": 181365
  },
  "errorDistribution": {}
}