{
  "summary": {
    "successRate": 1,
    "total": 10.000663632,
    "slowest": 0.20010797,
    "fastest": 0.000752382,
    "average": 0.0028241252502942947,
    "requestsPerSec": 17666.82757278842,
    "totalData": 2296840,
    "sizePerRequest": 13,
    "sizePerSec": 229668.75844624947
  },
  "responseTimeHistogram": {
    "0.000752382": 1,
    "0.0206879408": 176637,
    "0.0406234996": 7,
    "0.0605590584": 6,
    "0.0804946172": 5,
    "0.100430176": 5,
    "0.12036573479999998": 4,
    "0.1403012936": 4,
    "0.1602368524": 4,
    "0.1801724112": 3,
    "0.20010797": 4
  },
  "latencyPercentiles": {
    "p10": 0.002607149,
    "p25": 0.002662703,
    "p50": 0.002717014,
    "p75": 0.002783179,
    "p90": 0.002898154,
    "p95": 0.003032437,
    "p99": 0.005456149
  },
  "rps": {
    "mean": 17664.713893891436,
    "stddev": 1880.3473325214907,
    "max": 19646.599769994387,
    "percentiles": {
      "p10": 17357.397441860387,
      "p25": 17720.373112968406,
      "p50": 18017.64467943382,
      "p75": 18256.893958643,
      "p90": 18475.010389684012,
      "p95": 18644.05403527906,
      "p99": 18895.49404781925
    }
  },
  "details": {
    "DNSDialup": {
      "average": 0.0005043599400000002,
      "fastest": 0.000069691,
      "slowest": 0.000879383
    },
    "DNSLookup": {
      "average": 0.00000646026,
      "fastest": 0.000003376,
      "slowest": 0.000033232
    }
  },
  "statusCodeDistribution": {
    "200": 176680
  },
  "errorDistribution": {}
}