{
  "summary": {
    "successRate": 1,
    "total": 10.000647134,
    "slowest": 0.180925532,
    "fastest": 0.000880528,
    "average": 0.002764827771514102,
    "requestsPerSec": 18046.332160488368,
    "totalData": 2346175,
    "sizePerRequest": 13,
    "sizePerSec": 234602.31808634877
  },
  "responseTimeHistogram": {
    "0.000880528": 1,
    "0.0188850284": 180432,
    "0.0368895288": 8,
    "0.05489402920000001": 6,
    "0.07289852960000001": 5,
    "0.09090303000000001": 5,
    "0.10890753040000002": 4,
    "0.1269120308": 4,
    "0.1449165312": 3,
    "0.16292103160000002": 3,
    "0.180925532": 4
  },
  "latencyPercentiles": {
    "p10": 0.002559262,
    "p25": 0.002608383,
    "p50": 0.002663647,
    "p75": 0.00273494,
    "p90": 0.002859373,
    "p95": 0.002996863,
    "p99": 0.005350837
  },
  "rps": {
    "mean": 18045.552100909288,
    "stddev": 1810.5283056558712,
    "max": 23715.14449127243,
    "percentiles": {
      "p10": 17612.755157284726,
      "p25": 18057.0512534345,
      "p50": 18349.27882320773,
      "p75": 18594.209421454994,
      "p90": 18851.973004376596,
      "p95": 18981.561873214905,
      "p99": 19390.793512463664
    }
  },
  "details": {
    "DNSDialup": {
      "average": 0.0007425145399999998,
      "fastest": 0.000093368,
      "slowest": 0.001143851
    },
    "DNSLookup": {
      "average": 0.000006810580000000001,
      "fastest": 0.000003376,
      "slowest": 0.000025348
    }
  },
  "statusCodeDistribution": {
    "200": 180475
  },
  "errorDistribution": {}
}