{
  "summary": {
    "successRate": 1,
    "total": 10.000684673,
    "slowest": 0.004687166,
    "fastest": 0.000273314,
    "average": 0.0009890190122819578,
    "requestsPerSec": 50469.044520788084,
    "totalData": 6561425,
    "sizePerRequest": 13,
    "sizePerSec": 656097.5787702451
  },
  "responseTimeHistogram": {
    "0.000273314": 1,
    "0.0007146992": 10147,
    "0.0011560844": 477125,
    "0.0015974696000000002": 16743,
    "0.0020388548": 515,
    "0.00248024": 79,
    "0.0029216252000000007": 42,
    "0.0033630104000000006": 31,
    "0.0038043956000000006": 1,
    "0.0042457808000000005": 21,
    "0.004687166": 20
  },
  "latencyPercentiles": {
    "p10": 0.000864935,
    "p25": 0.000923675,
    "p50": 0.000998577,
    "p75": 0.001058589,
    "p90": 0.00110267,
    "p95": 0.001136353,
    "p99": 0.001232726
  },
  "rps": {
    "mean": 50467.08458175998,
    "stddev": 2530.560644194949,
    "max": 64809.343932588534,
    "percentiles": {
      "p10": 48566.04982776654,
      "p25": 49553.48199979843,
      "p50": 50440.2412244492,
      "p75": 51564.48874514006,
      "p90": 52899.30958355555,
      "p95": 53590.00978042201,
      "p99": 55236.60011207728
    }
  },
  "details": {
    "DNSDialup": {
      "average": 0.0007280508399999998,
      "fastest": 0.000078207,
      "slowest": 0.001716314
    },
    "DNSLookup": {
      "average": 0.000006692619999999998,
      "fastest": 0.000003246,
      "slowest": 0.000025268
    }
  },
  "statusCodeDistribution": {
    "200": 504725
  },
  "errorDistribution": {}
}