{
  "summary": {
    "successRate": 1,
    "total": 10.000682584,
    "slowest": 0.004577002,
    "fastest": 0.000133931,
    "average": 0.0009999679788531967,
    "requestsPerSec": 49914.29293022745,
    "totalData": 6489301,
    "sizePerRequest": 13,
    "sizePerSec": 648885.8080929569
  },
  "responseTimeHistogram": {
    "0.000133931": 1,
    "0.0005782381": 1233,
    "0.0010225452": 271690,
    "0.0014668523": 224856,
    "0.0019111594": 1091,
    "0.0023554665": 174,
    "0.0027997736": 28,
    "0.0032440806999999997": 29,
    "0.0036883878": 35,
    "0.0041326949": 13,
    "0.004577002": 27
  },
  "latencyPercentiles": {
    "p10": 0.000875229,
    "p25": 0.000934021,
    "p50": 0.00100926,
    "p75": 0.001068737,
    "p90": 0.001114364,
    "p95": 0.001150385,
    "p99": 0.001253452
  },
  "rps": {
    "mean": 49912.91029825539,
    "stddev": 2521.261924957825,
    "max": 61219.95158221977,
    "percentiles": {
      "p10": 48237.82995152059,
      "p25": 49003.79289356928,
      "p50": 49790.653843454355,
      "p75": 50894.792818966474,
      "p90": 52431.11262222554,
      "p95": 53452.48499501638,
      "p99": 55250.33305341119
    }
  },
  "details": {
    "DNSDialup": {
      "average": 0.0006968943000000001,
      "fastest": 0.000089064,
      "slowest": 0.0013442
    },
    "DNSLookup": {
      "average": 0.000007320699999999999,
      "fastest": 0.000003276,
      "slowest": 0.000029876
    }
  },
  "statusCodeDistribution": {
    "200": 499177
  },
  "errorDistribution": {}
}