{
  "summary": {
    "successRate": 1,
    "total": 10.000726187,
    "slowest": 0.004826784,
    "fastest": 0.000154441,
    "average": 0.0009797133308421194,
    "requestsPerSec": 50948.400193410875,
    "totalData": 6623773,
    "sizePerRequest": 13,
    "sizePerSec": 662329.2025143413
  },
  "responseTimeHistogram": {
    "0.000154441": 1,
    "0.0006216753": 4376,
    "0.0010889095999999999": 450217,
    "0.0015561438999999997": 54212,
    "0.0020233782": 528,
    "0.0024906125": 75,
    "0.0029578467999999995": 54,
    "0.0034250810999999996": 8,
    "0.0038923153999999996": 19,
    "0.0043595497": 18,
    "0.004826784": 13
  },
  "latencyPercentiles": {
    "p10": 0.000856074,
    "p25": 0.000916449,
    "p50": 0.000990107,
    "p75": 0.001049783,
    "p90": 0.001092127,
    "p95": 0.001123628,
    "p99": 0.001215851
  },
  "rps": {
    "mean": 50944.456036029806,
    "stddev": 2524.8664459648817,
    "max": 60313.66104422513,
    "percentiles": {
      "p10": 48957.48587992061,
      "p25": 49866.77009404152,
      "p50": 50827.889262840305,
      "p75": 52036.34738865071,
      "p90": 53592.12239958952,
      "p95": 54383.91581005459,
      "p99": 56508.97190141814
    }
  },
  "details": {
    "DNSDialup": {
      "average": 0.0007796970799999998,
      "fastest": 0.000103554,
      "slowest": 0.001094703
    },
    "DNSLookup": {
      "average": 0.0000061722999999999985,
      "fastest": 0.000003336,
      "slowest": 0.000023975
    }
  },
  "statusCodeDistribution": {
    "200": 509521
  },
  "errorDistribution": {}
}