{
  "summary": {
    "successRate": 1,
    "total": 10.000639465,
    "slowest": 0.158860598,
    "fastest": 0.000331684,
    "average": 0.002522813585787729,
    "requestsPerSec": 19773.13557718581,
    "totalData": 2570672,
    "sizePerRequest": 13,
    "sizePerSec": 257050.76250341555
  },
  "responseTimeHistogram": {
    "0.000331684": 1,
    "0.016184575399999998": 197700,
    "0.0320374668": 8,
    "0.0478903582": 5,
    "0.0637432496": 6,
    "0.079596141": 5,
    "0.0954490324": 5,
    "0.1113019238": 3,
    "0.1271548152": 4,
    "0.1430077066": 3,
    "0.158860598": 4
  },
  "latencyPercentiles": {
    "p10": 0.002324306,
    "p25": 0.00237929,
    "p50": 0.002439813,
    "p75": 0.002516878,
    "p90": 0.002631725,
    "p95": 0.002738094,
    "p99": 0.00488165
  },
  "rps": {
    "mean": 19771.718552389408,
    "stddev": 1846.0806728270773,
    "max": 30259.250638676545,
    "percentiles": {
      "p10": 19197.542714531795,
      "p25": 19702.555421436526,
      "p50": 20043.868009527578,
      "p75": 20391.572434332047,
      "p90": 20684.705939290387,
      "p95": 20842.631518507365,
      "p99": 21142.611140665816
    }
  },
  "details": {
    "DNSDialup": {
      "average": 0.00081771012,
      "fastest": 0.000139622,
      "slowest": 0.001194115
    },
    "DNSLookup": {
      "average": 0.000006006839999999998,
      "fastest": 0.000003447,
      "slowest": 0.000024376
    }
  },
  "statusCodeDistribution": {
    "200": 197744
  },
  "errorDistribution": {}
}