{
  "summary": {
    "successRate": 1,
    "total": 10.000661882,
    "slowest": 0.153928953,
    "fastest": 0.000672692,
    "average": 0.002580954105736197,
    "requestsPerSec": 19325.120905032516,
    "totalData": 2512432,
    "sizePerRequest": 13,
    "sizePerSec": 251226.5717654227
  },
  "responseTimeHistogram": {
    "0.000672692": 1,
    "0.0159983181": 193220,
    "0.0313239442": 8,
    "0.0466495703": 5,
    "0.0619751964": 6,
    "0.0773008225": 5,
    "0.0926264486": 4,
    "0.1079520747": 4,
    "0.1232777008": 4,
    "0.1386033269": 3,
    "0.153928953": 4
  },
  "latencyPercentiles": {
    "p10": 0.002359345,
    "p25": 0.002431307,
    "p50": 0.00250999,
    "p75": 0.002592478,
    "p90": 0.002673273,
    "p95": 0.002748681,
    "p99": 0.004999896
  },
  "rps": {
    "mean": 19323.6423017833,
    "stddev": 1630.1314241533908,
    "max": 21141.49441107995,
    "percentiles": {
      "p10": 18871.74471187079,
      "p25": 19201.90098819692,
      "p50": 19520.861945160468,
      "p75": 19883.255166031075,
      "p90": 20201.75421580868,
      "p95": 20354.50937610921,
      "p99": 20733.254066197493
    }
  },
  "details": {
    "DNSDialup": {
      "average": 0.0007700018399999998,
      "fastest": 0.000104988,
      "slowest": 0.001233903
    },
    "DNSLookup": {
      "average": 0.0000066785,
      "fastest": 0.000003587,
      "slowest": 0.000030878
    }
  },
  "statusCodeDistribution": {
    "200": 193264
  },
  "errorDistribution": {}
}