{
  "summary": {
    "successRate": 1,
    "total": 10.000668754,
    "slowest": 0.157098456,
    "fastest": 0.000901056,
    "average": 0.0025738764915974118,
    "requestsPerSec": 19379.603981231914,
    "totalData": 2519517,
    "sizePerRequest": 13,
    "sizePerSec": 251934.8517560149
  },
  "responseTimeHistogram": {
    "0.000901056": 1,
    "0.016520795999999997": 193765,
    "0.032140536": 8,
    "0.04776027599999999": 5,
    "0.063380016": 6,
    "0.07899975599999999": 6,
    "0.09461949599999998": 4,
    "0.11023923599999999": 4,
    "0.12585897599999998": 3,
    "0.141478716": 3,
    "0.157098456": 4
  },
  "latencyPercentiles": {
    "p10": 0.002350474,
    "p25": 0.002416973,
    "p50": 0.002493837,
    "p75": 0.002583205,
    "p90": 0.002683757,
    "p95": 0.002776446,
    "p99": 0.004967276
  },
  "rps": {
    "mean": 19378.391034413773,
    "stddev": 1706.7598537646604,
    "max": 22509.09592566494,
    "percentiles": {
      "p10": 18827.180800920873,
      "p25": 19261.840137762385,
      "p50": 19626.747331262675,
      "p75": 19978.33304603995,
      "p90": 20334.466921431387,
      "p95": 20497.131808212816,
      "p99": 20831.1342131961
    }
  },
  "details": {
    "DNSDialup": {
      "average": 0.0007873935800000001,
      "fastest": 0.000140754,
      "slowest": 0.001036376
    },
    "DNSLookup": {
      "average": 0.000006064179999999999,
      "fastest": 0.000003336,
      "slowest": 0.000026079
    }
  },
  "statusCodeDistribution": {
    "200": 193809
  },
  "errorDistribution": {}
}