{
  "summary": {
    "successRate": 1,
    "total": 10.00071937,
    "slowest": 0.006488396,
    "fastest": 0.000140197,
    "average": 0.0010481966738648879,
    "requestsPerSec": 47623.77408856339,
    "totalData": 6191536,
    "sizePerRequest": 13,
    "sizePerSec": 619109.063151324
  },
  "responseTimeHistogram": {
    "0.000140197": 1,
    "0.0007750169": 6684,
    "0.0014098368": 466764,
    "0.0020446567": 2504,
    "0.0026794766": 179,
    "0.0033142964999999997": 83,
    "0.0039491164": 15,
    "0.0045839363": 16,
    "0.0052187562": 17,
    "0.0058535761": 8,
    "0.006488396": 1
  },
  "latencyPercentiles": {
    "p10": 0.00092422,
    "p25": 0.000976015,
    "p50": 0.00105636,
    "p75": 0.001117496,
    "p90": 0.001161469,
    "p95": 0.001194406,
    "p99": 0.001297338
  },
  "rps": {
    "mean": 47622.689282115425,
    "stddev": 2499.462344988269,
    "max": 66626.6104273839,
    "percentiles": {
      "p10": 46295.617502195884,
      "p25": 46908.92676877043,
      "p50": 47627.24201717577,
      "p75": 48550.86209377934,
      "p90": 49673.47966036439,
      "p95": 50401.20262701896,
      "p99": 51438.01790002478
    }
  },
  "details": {
    "DNSDialup": {
      "average": 0.0006539161200000001,
      "fastest": 0.000074143,
      "slowest": 0.001047019
    },
    "DNSLookup": {
      "average": 0.00002560552,
      "fastest": 0.000003336,
      "slowest": 0.000958751
    }
  },
  "statusCodeDistribution": {
    "200": 476272
  },
  "errorDistribution": {}
}