{
  "summary": {
    "successRate": 1,
    "total": 10.000565595,
    "slowest": 0.00603151,
    "fastest": 0.000187853,
    "average": 0.0010655452558340811,
    "requestsPerSec": 46847.25034294423,
    "totalData": 6090487,
    "sizePerRequest": 13,
    "sizePerSec": 609014.254458275
  },
  "responseTimeHistogram": {
    "0.000187853": 1,
    "0.0007722187": 5330,
    "0.0013565844": 459221,
    "0.0019409501": 3367,
    "0.0025253158": 413,
    "0.0031096815": 93,
    "0.0036940472": 7,
    "0.0042784129": 2,
    "0.0048627786": 30,
    "0.0054471443": 12,
    "0.00603151": 23
  },
  "latencyPercentiles": {
    "p10": 0.000938124,
    "p25": 0.000990291,
    "p50": 0.001073056,
    "p75": 0.001134713,
    "p90": 0.00118191,
    "p95": 0.001219952,
    "p99": 0.001332803
  },
  "rps": {
    "mean": 46844.46636733119,
    "stddev": 2570.267410752287,
    "max": 60833.67143713973,
    "percentiles": {
      "p10": 45331.86586461396,
      "p25": 46221.18779248314,
      "p50": 46937.51986208849,
      "p75": 47803.74781382765,
      "p90": 48775.16884371084,
      "p95": 49600.47120447574,
      "p99": 51060.0210547467
    }
  },
  "details": {
    "DNSDialup": {
      "average": 0.0006477470800000001,
      "fastest": 0.000114053,
      "slowest": 0.0010276
    },
    "DNSLookup": {
      "average": 0.0000067643,
      "fastest": 0.000003256,
      "slowest": 0.000024826
    }
  },
  "statusCodeDistribution": {
    "200": 468499
  },
  "errorDistribution": {}
}