{
  "summary": {
    "successRate": 1,
    "total": 10.000736803,
    "slowest": 0.00540133,
    "fastest": 0.000129362,
    "average": 0.0010695321253759607,
    "requestsPerSec": 46671.361240102415,
    "totalData": 6067724,
    "sizePerRequest": 13,
    "sizePerSec": 606727.6961213314
  },
  "responseTimeHistogram": {
    "0.000129362": 1,
    "0.0006565588000000001": 1352,
    "0.0011837556": 417250,
    "0.0017109524": 46965,
    "0.0022381492": 902,
    "0.002765346": 132,
    "0.0032925428": 53,
    "0.0038197396": 51,
    "0.0043469364": 3,
    "0.0048741332": 20,
    "0.00540133": 19
  },
  "latencyPercentiles": {
    "p10": 0.000942647,
    "p25": 0.000995463,
    "p50": 0.001077171,
    "p75": 0.001139562,
    "p90": 0.001185278,
    "p95": 0.001220711,
    "p99": 0.001328231
  },
  "rps": {
    "mean": 46668.9507128104,
    "stddev": 2490.239102834755,
    "max": 61325.661415889284,
    "percentiles": {
      "p10": 45266.53274983356,
      "p25": 45995.564985369165,
      "p50": 46744.726347237396,
      "p75": 47633.07164164093,
      "p90": 48583.82166752075,
      "p95": 49232.591975887786,
      "p99": 50876.50714066384
    }
  },
  "details": {
    "DNSDialup": {
      "average": 0.0007716366400000002,
      "fastest": 0.000073094,
      "slowest": 0.001694333
    },
    "DNSLookup": {
      "average": 0.000007232479999999999,
      "fastest": 0.000003106,
      "slowest": 0.000026639
    }
  },
  "statusCodeDistribution": {
    "200": 466748
  },
  "errorDistribution": {}
}