{
  "summary": {
    "successRate": 1,
    "total": 10.000681688,
    "slowest": 0.003077314,
    "fastest": 0.000031139,
    "average": 0.0006018440952161117,
    "requestsPerSec": 82888.94955977525,
    "totalData": 10776298,
    "sizePerRequest": 13,
    "sizePerSec": 1077556.3442770783
  },
  "responseTimeHistogram": {
    "0.000031139": 1,
    "0.0003357565": 69188,
    "0.000640374": 462490,
    "0.0009449914999999999": 230291,
    "0.0012496089999999998": 50577,
    "0.0015542264999999999": 13768,
    "0.0018588439999999997": 2412,
    "0.0021634615": 198,
    "0.0024680789999999998": 19,
    "0.0027726964999999996": 1,
    "0.003077314": 1
  },
  "latencyPercentiles": {
    "p10": 0.000350094,
    "p25": 0.000435891,
    "p50": 0.000556805,
    "p75": 0.000730601,
    "p90": 0.000902612,
    "p95": 0.001045403,
    "p99": 0.001382804
  },
  "rps": {
    "mean": 82874.79029300938,
    "stddev": 11436.757223038892,
    "max": 107447.36532445865,
    "percentiles": {
      "p10": 67695.11006280988,
      "p25": 73851.03845267497,
      "p50": 82617.06868639577,
      "p75": 91752.22536666642,
      "p90": 99113.48934590022,
      "p95": 102351.6573937388,
      "p99": 105115.67274680783
    }
  },
  "details": {
    "DNSDialup": {
      "average": 0.00078073428,
      "fastest": 0.000071224,
      "slowest": 0.002216078
    },
    "DNSLookup": {
      "average": 0.0000065591,
      "fastest": 0.000002986,
      "slowest": 0.000023234
    }
  },
  "statusCodeDistribution": {
    "200": 828946
  },
  "errorDistribution": {}
}