{
  "summary": {
    "successRate": 1,
    "total": 10.000673324,
    "slowest": 0.002860592,
    "fastest": 0.000030167,
    "average": 0.0006050937137431243,
    "requestsPerSec": 82452.54827203874,
    "totalData": 10719553,
    "sizePerRequest": 13,
    "sizePerSec": 1071883.1275365036
  },
  "responseTimeHistogram": {
    "0.000030167": 1,
    "0.00031320949999999996": 49064,
    "0.0005962519999999999": 425605,
    "0.0008792944999999998": 252376,
    "0.0011623369999999998": 72401,
    "0.0014453794999999998": 18629,
    "0.0017284219999999996": 5760,
    "0.0020114645": 643,
    "0.002294507": 66,
    "0.0025775495": 11,
    "0.002860592": 25
  },
  "latencyPercentiles": {
    "p10": 0.000353236,
    "p25": 0.000439535,
    "p50": 0.000557497,
    "p75": 0.000732467,
    "p90": 0.000910923,
    "p95": 0.001054071,
    "p99": 0.001399507
  },
  "rps": {
    "mean": 82446.47276965033,
    "stddev": 11185.980388867609,
    "max": 105613.61359479537,
    "percentiles": {
      "p10": 67154.5613691304,
      "p25": 73807.87530029545,
      "p50": 82720.50641354122,
      "p75": 91244.8603402779,
      "p90": 97554.49394031175,
      "p95": 100579.26651993912,
      "p99": 103603.49799075378
    }
  },
  "details": {
    "DNSDialup": {
      "average": 0.0005000960400000002,
      "fastest": 0.00006963,
      "slowest": 0.000820042
    },
    "DNSLookup": {
      "average": 0.0000066951199999999985,
      "fastest": 0.000003346,
      "slowest": 0.000028032
    }
  },
  "statusCodeDistribution": {
    "200": 824581
  },
  "errorDistribution": {}
}