{
  "summary": {
    "successRate": 1,
    "total": 10.000695375,
    "slowest": 0.003514547,
    "fastest": 0.000033746,
    "average": 0.000611357886481693,
    "requestsPerSec": 81610.22502897705,
    "totalData": 10610067,
    "sizePerRequest": 13,
    "sizePerSec": 1060932.9253767016
  },
  "responseTimeHistogram": {
    "0.000033746": 1,
    "0.00038182609999999997": 80444,
    "0.0007299062": 543022,
    "0.0010779863": 157462,
    "0.0014260664": 29193,
    "0.0017741465": 5463,
    "0.0021222266": 443,
    "0.0024703066999999996": 70,
    "0.0028183868": 33,
    "0.0031664669": 18,
    "0.003514547": 10
  },
  "latencyPercentiles": {
    "p10": 0.000383095,
    "p25": 0.000477511,
    "p50": 0.000549228,
    "p75": 0.000714102,
    "p90": 0.000925378,
    "p95": 0.00105754,
    "p99": 0.00137661
  },
  "rps": {
    "mean": 81604.06635278757,
    "stddev": 9687.051248866184,
    "max": 107063.43201733672,
    "percentiles": {
      "p10": 67132.57272428129,
      "p25": 75555.52575587701,
      "p50": 82654.5768170676,
      "p75": 86802.76032777737,
      "p90": 93828.24659266036,
      "p95": 98510.01846887812,
      "p99": 103715.71293050781
    }
  },
  "details": {
    "DNSDialup": {
      "average": 0.0007421241200000001,
      "fastest": 0.000071399,
      "slowest": 0.001568495
    },
    "DNSLookup": {
      "average": 0.000006892259999999999,
      "fastest": 0.000003156,
      "slowest": 0.000041948
    }
  },
  "statusCodeDistribution": {
    "200": 816159
  },
  "errorDistribution": {}
}