{
  "summary": {
    "successRate": 1,
    "total": 10.000719426,
    "slowest": 0.0224295,
    "fastest": 0.004572635,
    "average": 0.007970391879634298,
    "requestsPerSec": 6265.449247290982,
    "totalData": 814567,
    "sizePerRequest": 13,
    "sizePerSec": 81450.84021478276
  },
  "responseTimeHistogram": {
    "0.004572635": 1,
    "0.0063583215": 3398,
    "0.008144008000000001": 43528,
    "0.0099296945": 11440,
    "0.011715381": 1357,
    "0.0135010675": 932,
    "0.015286754000000001": 1834,
    "0.0170724405": 62,
    "0.018858127000000002": 72,
    "0.020643813500000004": 24,
    "0.022429499999999998": 11
  },
  "latencyPercentiles": {
    "p10": 0.006469812,
    "p25": 0.00711159,
    "p50": 0.007731718,
    "p75": 0.008147976,
    "p90": 0.009194323,
    "p95": 0.011489265,
    "p99": 0.014113748
  },
  "rps": {
    "mean": 6320.4196466096355,
    "stddev": 1506.821174582108,
    "max": 11481.163357579568,
    "percentiles": {
      "p10": 5152.044406985921,
      "p25": 5731.425405498378,
      "p50": 6473.555122726557,
      "p75": 7057.491027660382,
      "p90": 7917.878569810445,
      "p95": 8638.180108214783,
      "p99": 9217.479105627004
    }
  },
  "details": {
    "DNSDialup": {
      "average": 0.0007064762599999999,
      "fastest": 0.000068585,
      "slowest": 0.001579557
    },
    "DNSLookup": {
      "average": 0.0000068259999999999995,
      "fastest": 0.000003326,
      "slowest": 0.000030227
    }
  },
  "statusCodeDistribution": {
    "200": 62659
  },
  "errorDistribution": {}
}