{
  "summary": {
    "successRate": 1,
    "total": 10.001017336,
    "slowest": 0.026103906,
    "fastest": 0.004856432,
    "average": 0.008305348496749307,
    "requestsPerSec": 6013.488226194191,
    "totalData": 781833,
    "sizePerRequest": 13,
    "sizePerSec": 78175.34694052448
  },
  "responseTimeHistogram": {
    "0.004856432": 1,
    "0.0069811794": 11312,
    "0.0091059268": 36648,
    "0.011230674199999999": 8407,
    "0.0133554216": 1167,
    "0.015480168999999998": 2290,
    "0.0176049164": 178,
    "0.019729663799999998": 92,
    "0.0218544112": 27,
    "0.0239791586": 8,
    "0.026103906": 11
  },
  "latencyPercentiles": {
    "p10": 0.006779184,
    "p25": 0.007131146,
    "p50": 0.007998675,
    "p75": 0.008609373,
    "p90": 0.009989095,
    "p95": 0.012531801,
    "p99": 0.015082543
  },
  "rps": {
    "mean": 6063.551058179203,
    "stddev": 1498.7381155713645,
    "max": 11148.88217253222,
    "percentiles": {
      "p10": 4850.685295723533,
      "p25": 5540.569713613749,
      "p50": 6251.3416437863425,
      "p75": 6776.429313295372,
      "p90": 7530.386616074069,
      "p95": 7923.995443001363,
      "p99": 8831.784532719827
    }
  },
  "details": {
    "DNSDialup": {
      "average": 0.0005181993800000001,
      "fastest": 0.000072446,
      "slowest": 0.000897404
    },
    "DNSLookup": {
      "average": 0.0000064113,
      "fastest": 0.000003137,
      "slowest": 0.000028353
    }
  },
  "statusCodeDistribution": {
    "200": 60141
  },
  "errorDistribution": {}
}