{
  "summary": {
    "successRate": 1,
    "total": 10.000639028,
    "slowest": 0.02398452,
    "fastest": 0.004570062,
    "average": 0.008274676840375896,
    "requestsPerSec": 6034.414384024501,
    "totalData": 784524,
    "sizePerRequest": 13,
    "sizePerSec": 78447.38699231851
  },
  "responseTimeHistogram": {
    "0.004570062": 1,
    "0.0065115078": 3290,
    "0.0084529536": 42344,
    "0.010394399399999999": 10328,
    "0.012335845199999999": 1271,
    "0.014277291": 1156,
    "0.016218736799999998": 1793,
    "0.018160182599999998": 56,
    "0.020101628399999998": 90,
    "0.0220430742": 6,
    "0.02398452": 13
  },
  "latencyPercentiles": {
    "p10": 0.006674467,
    "p25": 0.007365801,
    "p50": 0.007935336,
    "p75": 0.008416987,
    "p90": 0.009868058,
    "p95": 0.012614858,
    "p99": 0.014966598
  },
  "rps": {
    "mean": 6088.855901470549,
    "stddev": 1537.3113566292036,
    "max": 11007.554484643866,
    "percentiles": {
      "p10": 4980.907368845851,
      "p25": 5536.420790528167,
      "p50": 6300.731490691975,
      "p75": 6805.496799765199,
      "p90": 7676.782409986269,
      "p95": 8242.609029109513,
      "p99": 8802.513997997865
    }
  },
  "details": {
    "DNSDialup": {
      "average": 0.00073445492,
      "fastest": 0.000068388,
      "slowest": 0.001569533
    },
    "DNSLookup": {
      "average": 0.0000071061000000000005,
      "fastest": 0.000003216,
      "slowest": 0.000031008
    }
  },
  "statusCodeDistribution": {
    "200": 60348
  },
  "errorDistribution": {}
}