{
  "summary": {
    "successRate": 1,
    "total": 10.000634605,
    "slowest": 0.012517775,
    "fastest": 0.000283038,
    "average": 0.0014634731737671299,
    "requestsPerSec": 34119.93473188195,
    "totalData": 4435873,
    "sizePerRequest": 13,
    "sizePerSec": 443559.15151446534
  },
  "responseTimeHistogram": {
    "0.000283038": 1,
    "0.0015065117000000001": 199966,
    "0.0027299854": 140145,
    "0.003953459100000001": 710,
    "0.005176932800000001": 154,
    "0.006400406500000001": 117,
    "0.007623880200000001": 39,
    "0.0088473539": 50,
    "0.0100708276": 22,
    "0.0112943013": 11,
    "0.012517775": 6
  },
  "latencyPercentiles": {
    "p10": 0.001275051,
    "p25": 0.001327089,
    "p50": 0.001477936,
    "p75": 0.001549722,
    "p90": 0.001616878,
    "p95": 0.001673698,
    "p99": 0.002029047
  },
  "rps": {
    "mean": 34116.46350767917,
    "stddev": 2812.645405387108,
    "max": 46015.608494398155,
    "percentiles": {
      "p10": 33074.910046800294,
      "p25": 34217.85487667263,
      "p50": 34552.236953364554,
      "p75": 35016.1739707572,
      "p90": 35453.278219598935,
      "p95": 35704.44163253949,
      "p99": 37816.59135199286
    }
  },
  "details": {
    "DNSDialup": {
      "average": 0.0005797754799999997,
      "fastest": 0.000053019,
      "slowest": 0.001147967
    },
    "DNSLookup": {
      "average": 0.000005788920000000002,
      "fastest": 0.000002595,
      "slowest": 0.000028383
    }
  },
  "statusCodeDistribution": {
    "200": 341221
  },
  "errorDistribution": {}
}