{
  "summary": {
    "successRate": 1,
    "total": 10.000668939,
    "slowest": 0.011711608,
    "fastest": 0.000509204,
    "average": 0.0014624241096133587,
    "requestsPerSec": 34145.01590672044,
    "totalData": 4439149,
    "sizePerRequest": 13,
    "sizePerSec": 443885.20678736566
  },
  "responseTimeHistogram": {
    "0.000509204": 1,
    "0.0016294444": 316574,
    "0.0027496848000000003": 23761,
    "0.0038699252000000007": 829,
    "0.004990165600000001": 108,
    "0.0061104060000000005": 87,
    "0.007230646400000001": 26,
    "0.0083508868": 59,
    "0.0094711272": 12,
    "0.0105913676": 10,
    "0.011711608": 6
  },
  "latencyPercentiles": {
    "p10": 0.001279253,
    "p25": 0.001329108,
    "p50": 0.001478259,
    "p75": 0.001548788,
    "p90": 0.001610224,
    "p95": 0.001651323,
    "p99": 0.001990078
  },
  "rps": {
    "mean": 34141.53662472595,
    "stddev": 2537.17071499103,
    "max": 36484.80770590832,
    "percentiles": {
      "p10": 33464.89512462641,
      "p25": 34202.41811096075,
      "p50": 34522.958020188686,
      "p75": 34925.28241193833,
      "p90": 35356.655179143374,
      "p95": 35503.190265956946,
      "p99": 35885.809513830296
    }
  },
  "details": {
    "DNSDialup": {
      "average": 0.00063819262,
      "fastest": 0.000077174,
      "slowest": 0.001478768
    },
    "DNSLookup": {
      "average": 0.000006761299999999997,
      "fastest": 0.000003156,
      "slowest": 0.000024897
    }
  },
  "statusCodeDistribution": {
    "200": 341473
  },
  "errorDistribution": {}
}