{
  "summary": {
    "successRate": 1,
    "total": 10.000772392,
    "slowest": 0.011669685,
    "fastest": 0.000227983,
    "average": 0.0014326380858062607,
    "requestsPerSec": 34854.90783480277,
    "totalData": 4531488,
    "sizePerRequest": 13,
    "sizePerSec": 453113.801852436
  },
  "responseTimeHistogram": {
    "0.000227983": 1,
    "0.0013721532000000002": 138179,
    "0.0025163234000000006": 209098,
    "0.003660493600000001": 965,
    "0.004804663800000001": 133,
    "0.005948834000000001": 71,
    "0.007093004200000002": 33,
    "0.0082371744": 65,
    "0.0093813446": 15,
    "0.010525514800000002": 11,
    "0.011669685": 5
  },
  "latencyPercentiles": {
    "p10": 0.001256788,
    "p25": 0.001304642,
    "p50": 0.001450508,
    "p75": 0.001518574,
    "p90": 0.001575101,
    "p95": 0.001611212,
    "p99": 0.001916345
  },
  "rps": {
    "mean": 34844.367773700964,
    "stddev": 2475.5684238276895,
    "max": 36845.79199111336,
    "percentiles": {
      "p10": 34215.46196726367,
      "p25": 34756.37832127292,
      "p50": 35322.7937988396,
      "p75": 35616.565264502984,
      "p90": 35867.46424829617,
      "p95": 36075.210080320365,
      "p99": 36397.31713565578
    }
  },
  "details": {
    "DNSDialup": {
      "average": 0.0007983521600000001,
      "fastest": 0.000118138,
      "slowest": 0.001248413
    },
    "DNSLookup": {
      "average": 0.00000641422,
      "fastest": 0.000003556,
      "slowest": 0.000026129
    }
  },
  "statusCodeDistribution": {
    "200": 348576
  },
  "errorDistribution": {}
}