{
  "summary": {
    "successRate": 1,
    "total": 10.000570437,
    "slowest": 0.008808241,
    "fastest": 0.000296896,
    "average": 0.001194216110547163,
    "requestsPerSec": 41806.015230209014,
    "totalData": 5435092,
    "sizePerRequest": 13,
    "sizePerSec": 543478.1979927171
  },
  "responseTimeHistogram": {
    "0.000296896": 1,
    "0.0011480305": 161341,
    "0.001999165": 255659,
    "0.0028502995": 905,
    "0.003701434": 106,
    "0.0045525685": 14,
    "0.005403702999999999": 13,
    "0.0062548375": 8,
    "0.0071059719999999995": 10,
    "0.0079571065": 11,
    "0.008808241": 16
  },
  "latencyPercentiles": {
    "p10": 0.001049358,
    "p25": 0.001097839,
    "p50": 0.001202318,
    "p75": 0.001266055,
    "p90": 0.001322656,
    "p95": 0.001368575,
    "p99": 0.001554808
  },
  "rps": {
    "mean": 41805.73799059552,
    "stddev": 2515.582161741965,
    "max": 47501.23028186585,
    "percentiles": {
      "p10": 40324.75679320873,
      "p25": 41732.67668584562,
      "p50": 42185.586117115214,
      "p75": 42766.74191864864,
      "p90": 43286.16889859926,
      "p95": 43730.96152075978,
      "p99": 44649.48055434878
    }
  },
  "details": {
    "DNSDialup": {
      "average": 0.00070113376,
      "fastest": 0.000072577,
      "slowest": 0.001580761
    },
    "DNSLookup": {
      "average": 0.000006497220000000002,
      "fastest": 0.000003267,
      "slowest": 0.000027933
    }
  },
  "statusCodeDistribution": {
    "200": 418084
  },
  "errorDistribution": {}
}