{
  "summary": {
    "successRate": 1,
    "total": 10.00071266,
    "slowest": 0.007992454,
    "fastest": 0.00018081,
    "average": 0.0012214361594055658,
    "requestsPerSec": 40872.68716707635,
    "totalData": 5313828,
    "sizePerRequest": 13,
    "sizePerSec": 531344.9331719925
  },
  "responseTimeHistogram": {
    "0.00018081": 1,
    "0.0009619743999999999": 3527,
    "0.0017431387999999998": 402555,
    "0.0025243031999999995": 2274,
    "0.0033054675999999996": 217,
    "0.004086632": 121,
    "0.004867796399999999": 12,
    "0.005648960799999999": 11,
    "0.006430125199999999": 11,
    "0.007211289599999999": 10,
    "0.007992454": 17
  },
  "latencyPercentiles": {
    "p10": 0.001072105,
    "p25": 0.001121016,
    "p50": 0.001229089,
    "p75": 0.001292029,
    "p90": 0.00135617,
    "p95": 0.001408365,
    "p99": 0.001575358
  },
  "rps": {
    "mean": 40862.80045721142,
    "stddev": 2510.056924785675,
    "max": 45643.82720288015,
    "percentiles": {
      "p10": 39716.367114888104,
      "p25": 40805.613087794154,
      "p50": 41204.722061151864,
      "p75": 41823.61361224624,
      "p90": 42237.402088546434,
      "p95": 42686.79933777534,
      "p99": 43681.37818664601
    }
  },
  "details": {
    "DNSDialup": {
      "average": 0.0006870746800000001,
      "fastest": 0.000106311,
      "slowest": 0.001082423
    },
    "DNSLookup": {
      "average": 0.00000913134,
      "fastest": 0.000004198,
      "slowest": 0.00003702
    }
  },
  "statusCodeDistribution": {
    "200": 408756
  },
  "errorDistribution": {}
}