{
  "summary": {
    "successRate": 1,
    "total": 10.000638246,
    "slowest": 0.007872852,
    "fastest": 0.00037227,
    "average": 0.0012237166226906997,
    "requestsPerSec": 40794.69629482686,
    "totalData": 5303649,
    "sizePerRequest": 13,
    "sizePerSec": 530331.0518327493
  },
  "responseTimeHistogram": {
    "0.00037227": 1,
    "0.0011223282": 96848,
    "0.0018723864": 309002,
    "0.0026224446": 1728,
    "0.0033725027999999997": 243,
    "0.004122560999999999": 89,
    "0.0048726192": 21,
    "0.0056226774": 0,
    "0.006372735599999999": 20,
    "0.007122793799999999": 0,
    "0.007872851999999998": 21
  },
  "latencyPercentiles": {
    "p10": 0.001076036,
    "p25": 0.001126172,
    "p50": 0.001230174,
    "p75": 0.001297648,
    "p90": 0.001354206,
    "p95": 0.001398061,
    "p99": 0.001587012
  },
  "rps": {
    "mean": 40789.0571599468,
    "stddev": 2508.812261251158,
    "max": 51561.39900175111,
    "percentiles": {
      "p10": 39715.68372350283,
      "p25": 40629.91987299448,
      "p50": 41106.830187684245,
      "p75": 41725.98053528538,
      "p90": 42248.93293648814,
      "p95": 42658.55740174921,
      "p99": 43562.28614877372
    }
  },
  "details": {
    "DNSDialup": {
      "average": 0.0007224461399999997,
      "fastest": 0.000157859,
      "slowest": 0.001005741
    },
    "DNSLookup": {
      "average": 0.00000721274,
      "fastest": 0.000003126,
      "slowest": 0.000045175
    }
  },
  "statusCodeDistribution": {
    "200": 407973
  },
  "errorDistribution": {}
}