{
  "summary": {
    "successRate": 1,
    "total": 10.000678259,
    "slowest": 0.010980745,
    "fastest": 0.000476023,
    "average": 0.0012379967463913163,
    "requestsPerSec": 40323.565017911445,
    "totalData": 5242419,
    "sizePerRequest": 13,
    "sizePerSec": 524206.34523284883
  },
  "responseTimeHistogram": {
    "0.000476023": 1,
    "0.0015264951999999997": 383287,
    "0.0025769673999999996": 18423,
    "0.0036274395999999994": 165,
    "0.004677911799999999": 37,
    "0.005728383999999999": 1157,
    "0.006778856199999999": 143,
    "0.0078293284": 0,
    "0.0088798006": 0,
    "0.009930272799999999": 0,
    "0.010980744999999998": 50
  },
  "latencyPercentiles": {
    "p10": 0.000912125,
    "p25": 0.001140067,
    "p50": 0.001258335,
    "p75": 0.001318156,
    "p90": 0.001380393,
    "p95": 0.001521702,
    "p99": 0.00195716
  },
  "rps": {
    "mean": 40335.58503836184,
    "stddev": 3863.114194943216,
    "max": 45610.290242836214,
    "percentiles": {
      "p10": 38048.42691339018,
      "p25": 39675.9459346342,
      "p50": 41131.447088398076,
      "p75": 42156.01488703346,
      "p90": 43074.92215709586,
      "p95": 43523.8570821964,
      "p99": 44579.462892609125
    }
  },
  "details": {
    "DNSDialup": {
      "average": 0.00056450352,
      "fastest": 0.000075396,
      "slowest": 0.000980075
    },
    "DNSLookup": {
      "average": 0.000006674339999999998,
      "fastest": 0.000003056,
      "slowest": 0.000025769
    }
  },
  "statusCodeDistribution": {
    "200": 403263
  },
  "errorDistribution": {}
}