{
  "summary": {
    "successRate": 1,
    "total": 10.000785934,
    "slowest": 0.01058696,
    "fastest": 0.000225682,
    "average": 0.0012508945282237475,
    "requestsPerSec": 39910.06333242849,
    "totalData": 5188716,
    "sizePerRequest": 13,
    "sizePerSec": 518830.82332157035
  },
  "responseTimeHistogram": {
    "0.000225682": 1,
    "0.0012618098": 191138,
    "0.0022979376": 206209,
    "0.0033340654000000003": 389,
    "0.0043701932": 45,
    "0.0054063209999999995": 133,
    "0.0064424488": 1137,
    "0.0074785766": 30,
    "0.0085147044": 0,
    "0.0095508322": 0,
    "0.01058696": 50
  },
  "latencyPercentiles": {
    "p10": 0.000920203,
    "p25": 0.001128577,
    "p50": 0.001267975,
    "p75": 0.001333874,
    "p90": 0.001401983,
    "p95": 0.001578709,
    "p99": 0.002040756
  },
  "rps": {
    "mean": 39922.416098219044,
    "stddev": 3956.5091254506415,
    "max": 46443.685606225816,
    "percentiles": {
      "p10": 37216.647006205654,
      "p25": 38980.23691967647,
      "p50": 40745.83071389705,
      "p75": 41843.447707430096,
      "p90": 42871.328349994576,
      "p95": 43516.00911766101,
      "p99": 44743.41761485119
    }
  },
  "details": {
    "DNSDialup": {
      "average": 0.00073899138,
      "fastest": 0.000079268,
      "slowest": 0.001349548
    },
    "DNSLookup": {
      "average": 0.000006593759999999999,
      "fastest": 0.000003317,
      "slowest": 0.000028303
    }
  },
  "statusCodeDistribution": {
    "200": 399132
  },
  "errorDistribution": {}
}