{
  "summary": {
    "successRate": 1,
    "total": 10.000619554,
    "slowest": 0.011031752,
    "fastest": 0.000195378,
    "average": 0.0012753854671404673,
    "requestsPerSec": 39142.974881334034,
    "totalData": 5088902,
    "sizePerRequest": 13,
    "sizePerSec": 508858.6734573425
  },
  "responseTimeHistogram": {
    "0.000195378": 1,
    "0.0012790154": 182271,
    "0.0023626528": 207132,
    "0.0034462902": 727,
    "0.004529927600000001": 23,
    "0.005613565000000001": 233,
    "0.0066972024": 975,
    "0.007780839800000001": 42,
    "0.0088644772": 0,
    "0.0099481146": 0,
    "0.011031752": 50
  },
  "latencyPercentiles": {
    "p10": 0.000933174,
    "p25": 0.001146632,
    "p50": 0.001289624,
    "p75": 0.001359794,
    "p90": 0.001436619,
    "p95": 0.001611918,
    "p99": 0.002158115
  },
  "rps": {
    "mean": 39156.602823546986,
    "stddev": 4101.008858536218,
    "max": 45530.47875146348,
    "percentiles": {
      "p10": 36198.51788627925,
      "p25": 38073.367378937124,
      "p50": 40070.83702019372,
      "p75": 41233.32064641453,
      "p90": 42351.75480782837,
      "p95": 43011.47773032285,
      "p99": 44236.311209127234
    }
  },
  "details": {
    "DNSDialup": {
      "average": 0.0008364638599999998,
      "fastest": 0.000082173,
      "slowest": 0.001448691
    },
    "DNSLookup": {
      "average": 0.000009780240000000003,
      "fastest": 0.000003216,
      "slowest": 0.000157716
    }
  },
  "statusCodeDistribution": {
    "200": 391454
  },
  "errorDistribution": {}
}