{
  "summary": {
    "successRate": 1,
    "total": 10.000693946,
    "slowest": 0.003478163,
    "fastest": 0.000043331,
    "average": 0.0006941339881793911,
    "requestsPerSec": 71869.51264391789,
    "totalData": 9343685,
    "sizePerRequest": 13,
    "sizePerSec": 934303.6643709324
  },
  "responseTimeHistogram": {
    "0.000043331": 1,
    "0.0003868142": 74929,
    "0.0007302973999999999": 353179,
    "0.0010737805999999999": 232283,
    "0.0014172637999999998": 41564,
    "0.0017607469999999998": 13249,
    "0.0021042302": 3107,
    "0.0024477134": 359,
    "0.0027911966": 55,
    "0.0031346798": 18,
    "0.003478163": 1
  },
  "latencyPercentiles": {
    "p10": 0.000383852,
    "p25": 0.000477465,
    "p50": 0.000652356,
    "p75": 0.000856639,
    "p90": 0.001013934,
    "p95": 0.001218159,
    "p99": 0.001633499
  },
  "rps": {
    "mean": 71852.51596618303,
    "stddev": 10415.281320330203,
    "max": 101574.84034236988,
    "percentiles": {
      "p10": 58010.57395501569,
      "p25": 63220.94799560722,
      "p50": 72181.1096221507,
      "p75": 78992.4114892021,
      "p90": 85698.90716352596,
      "p95": 89811.19945656751,
      "p99": 96055.40217297254
    }
  },
  "details": {
    "DNSDialup": {
      "average": 0.0006457590999999999,
      "fastest": 0.000075219,
      "slowest": 0.001528281
    },
    "DNSLookup": {
      "average": 0.000007230639999999999,
      "fastest": 0.000003446,
      "slowest": 0.000029696
    }
  },
  "statusCodeDistribution": {
    "200": 718745
  },
  "errorDistribution": {}
}