{
  "summary": {
    "successRate": 1,
    "total": 10.002110781,
    "slowest": 0.005599313,
    "fastest": 0.000044714,
    "average": 0.0006850444826337597,
    "requestsPerSec": 72812.7308271212,
    "totalData": 9467653,
    "sizePerRequest": 13,
    "sizePerSec": 946565.5007525756
  },
  "responseTimeHistogram": {
    "0.000044714": 1,
    "0.0006001738999999999": 325212,
    "0.0011556338": 359878,
    "0.0017110937": 39380,
    "0.0022665536": 3602,
    "0.0028220135": 193,
    "0.0033774734": 14,
    "0.0039329333": 0,
    "0.0044883932": 0,
    "0.0050438531000000005": 0,
    "0.005599313000000001": 1
  },
  "latencyPercentiles": {
    "p10": 0.000398979,
    "p25": 0.000513018,
    "p50": 0.000620955,
    "p75": 0.000825476,
    "p90": 0.001013772,
    "p95": 0.001190591,
    "p99": 0.001581328
  },
  "rps": {
    "mean": 72810.58053450234,
    "stddev": 9753.025357455344,
    "max": 103361.02614262738,
    "percentiles": {
      "p10": 59209.79922177339,
      "p25": 66027.44357328358,
      "p50": 73607.46379682705,
      "p75": 78038.59008279527,
      "p90": 86116.90474840294,
      "p95": 90145.153707491,
      "p99": 96549.14912557206
    }
  },
  "details": {
    "DNSDialup": {
      "average": 0.0007063399599999999,
      "fastest": 0.00006967,
      "slowest": 0.001510083
    },
    "DNSLookup": {
      "average": 0.000006280000000000001,
      "fastest": 0.000003196,
      "slowest": 0.00002669
    }
  },
  "statusCodeDistribution": {
    "200": 728281
  },
  "errorDistribution": {}
}