{
  "summary": {
    "successRate": 1,
    "total": 10.000644787,
    "slowest": 0.003269286,
    "fastest": 0.000049042,
    "average": 0.0006939457143097318,
    "requestsPerSec": 71885.46491867314,
    "totalData": 9345713,
    "sizePerRequest": 13,
    "sizePerSec": 934511.0439427509
  },
  "responseTimeHistogram": {
    "0.000049042": 1,
    "0.0003710664": 73650,
    "0.0006930908": 311348,
    "0.0010151151999999999": 263258,
    "0.0013371396": 46226,
    "0.0016591639999999999": 17325,
    "0.0019811883999999997": 6019,
    "0.0023032128": 884,
    "0.0026252372": 136,
    "0.0029472616": 49,
    "0.0032692859999999997": 5
  },
  "latencyPercentiles": {
    "p10": 0.00036932,
    "p25": 0.000464232,
    "p50": 0.000664152,
    "p75": 0.000867172,
    "p90": 0.001011629,
    "p95": 0.001222618,
    "p99": 0.001656419
  },
  "rps": {
    "mean": 71883.54381244598,
    "stddev": 11444.113345889618,
    "max": 102614.53192462062,
    "percentiles": {
      "p10": 57120.12976728198,
      "p25": 62442.89827111076,
      "p50": 71205.26918991485,
      "p75": 80080.45683498347,
      "p90": 87921.09227003538,
      "p95": 91902.21484338336,
      "p99": 97014.97911277566
    }
  },
  "details": {
    "DNSDialup": {
      "average": 0.0007273956799999999,
      "fastest": 0.000069868,
      "slowest": 0.001619006
    },
    "DNSLookup": {
      "average": 0.000006493299999999999,
      "fastest": 0.000003446,
      "slowest": 0.000029996
    }
  },
  "statusCodeDistribution": {
    "200": 718901
  },
  "errorDistribution": {}
}