{
  "summary": {
    "successRate": 1,
    "total": 10.000668042,
    "slowest": 0.013065345,
    "fastest": 0.001052337,
    "average": 0.0015943696794324608,
    "requestsPerSec": 31321.107618462436,
    "totalData": 4072016,
    "sizePerRequest": 13,
    "sizePerSec": 407174.3990400117
  },
  "responseTimeHistogram": {
    "0.001052337": 1,
    "0.0022536378": 308982,
    "0.0034549386": 2700,
    "0.0046562394": 1000,
    "0.0058575402000000006": 272,
    "0.007058841": 188,
    "0.0082601418": 11,
    "0.009461442600000002": 9,
    "0.0106627434": 31,
    "0.0118640442": 8,
    "0.013065345": 30
  },
  "latencyPercentiles": {
    "p10": 0.001483996,
    "p25": 0.001514926,
    "p50": 0.00155493,
    "p75": 0.001603592,
    "p90": 0.001683072,
    "p95": 0.001746561,
    "p99": 0.002711003
  },
  "rps": {
    "mean": 31301.701265506443,
    "stddev": 3254.111699844764,
    "max": 33715.31766572269,
    "percentiles": {
      "p10": 30850.020222791136,
      "p25": 31368.45852388338,
      "p50": 32031.849267725487,
      "p75": 32357.887948071264,
      "p90": 32659.003163534206,
      "p95": 32920.66411016221,
      "p99": 33306.04734560905
    }
  },
  "details": {
    "DNSDialup": {
      "average": 0.0007327729199999999,
      "fastest": 0.000072535,
      "slowest": 0.001317135
    },
    "DNSLookup": {
      "average": 0.00000622184,
      "fastest": 0.000003216,
      "slowest": 0.000025377
    }
  },
  "statusCodeDistribution": {
    "200": 313232
  },
  "errorDistribution": {}
}