{
  "summary": {
    "successRate": 1,
    "total": 10.000653992,
    "slowest": 0.013941188,
    "fastest": 0.000561016,
    "average": 0.00158053294999538,
    "requestsPerSec": 31595.033710071388,
    "totalData": 4107623,
    "sizePerRequest": 13,
    "sizePerSec": 410735.43823092803
  },
  "responseTimeHistogram": {
    "0.000561016": 1,
    "0.0018990332000000001": 310247,
    "0.0032370504": 3755,
    "0.004575067600000001": 1385,
    "0.0059130848": 302,
    "0.007251102": 190,
    "0.0085891192": 9,
    "0.0099271364": 10,
    "0.0112651536": 20,
    "0.012603170799999999": 10,
    "0.013941187999999998": 42
  },
  "latencyPercentiles": {
    "p10": 0.001474285,
    "p25": 0.001504462,
    "p50": 0.001543605,
    "p75": 0.00158952,
    "p90": 0.001654738,
    "p95": 0.00170926,
    "p99": 0.002686532
  },
  "rps": {
    "mean": 31575.200079612998,
    "stddev": 3309.7725346042184,
    "max": 34243.1089520046,
    "percentiles": {
      "p10": 31189.81731692726,
      "p25": 31911.95421805067,
      "p50": 32240.801391104498,
      "p75": 32524.940124085908,
      "p90": 32861.7571001181,
      "p95": 33079.25127019344,
      "p99": 33293.8394860484
    }
  },
  "details": {
    "DNSDialup": {
      "average": 0.0007070458999999999,
      "fastest": 0.000066505,
      "slowest": 0.001595867
    },
    "DNSLookup": {
      "average": 0.000006844819999999999,
      "fastest": 0.000003416,
      "slowest": 0.000033944
    }
  },
  "statusCodeDistribution": {
    "200": 315971
  },
  "errorDistribution": {}
}