{
  "summary": {
    "successRate": 1,
    "total": 10.00068099,
    "slowest": 0.012856436,
    "fastest": 0.000626277,
    "average": 0.001609224605127929,
    "requestsPerSec": 31031.986752734127,
    "totalData": 4034433,
    "sizePerRequest": 13,
    "sizePerSec": 403415.82778554363
  },
  "responseTimeHistogram": {
    "0.000626277": 1,
    "0.0018492929": 302877,
    "0.0030723088000000004": 4893,
    "0.0042953247": 1774,
    "0.0055183406": 356,
    "0.0067413565": 321,
    "0.007964372400000001": 33,
    "0.0091873883": 57,
    "0.0104104042": 11,
    "0.011633420100000002": 4,
    "0.012856436": 14
  },
  "latencyPercentiles": {
    "p10": 0.001495849,
    "p25": 0.001527337,
    "p50": 0.001567532,
    "p75": 0.001616796,
    "p90": 0.001693272,
    "p95": 0.001753288,
    "p99": 0.002829406
  },
  "rps": {
    "mean": 31020.285546398816,
    "stddev": 3323.8114653027005,
    "max": 33374.30956897171,
    "percentiles": {
      "p10": 30453.91866299274,
      "p25": 31232.894484469303,
      "p50": 31618.3957458368,
      "p75": 32157.374977401243,
      "p90": 32429.320698385905,
      "p95": 32586.358942816987,
      "p99": 32971.126388766854
    }
  },
  "details": {
    "DNSDialup": {
      "average": 0.0006924953799999999,
      "fastest": 0.000077054,
      "slowest": 0.001230417
    },
    "DNSLookup": {
      "average": 0.00000637252,
      "fastest": 0.000003246,
      "slowest": 0.00002626
    }
  },
  "statusCodeDistribution": {
    "200": 310341
  },
  "errorDistribution": {}
}