{
  "summary": {
    "successRate": 1,
    "total": 10.000694027,
    "slowest": 0.005842927,
    "fastest": 0.000291888,
    "average": 0.0010811184840044709,
    "requestsPerSec": 46175.2953098322,
    "totalData": 6003205,
    "sizePerRequest": 13,
    "sizePerSec": 600278.8390278186
  },
  "responseTimeHistogram": {
    "0.000291888": 1,
    "0.0008469919": 9259,
    "0.0014020958000000002": 449293,
    "0.0019571997": 2849,
    "0.0025123036000000002": 104,
    "0.0030674075000000005": 120,
    "0.0036225114000000003": 94,
    "0.0041776153": 28,
    "0.0047327192": 14,
    "0.0052878231": 0,
    "0.005842927": 23
  },
  "latencyPercentiles": {
    "p10": 0.000994909,
    "p25": 0.001039734,
    "p50": 0.001081382,
    "p75": 0.001124141,
    "p90": 0.001167602,
    "p95": 0.001202489,
    "p99": 0.001339298
  },
  "rps": {
    "mean": 46172.22742108294,
    "stddev": 2389.6284960925504,
    "max": 53160.57720126999,
    "percentiles": {
      "p10": 44914.14795660508,
      "p25": 45467.02822047173,
      "p50": 46234.95362494255,
      "p75": 47120.69494804148,
      "p90": 48135.4773008618,
      "p95": 48725.566304635875,
      "p99": 50215.96379548928
    }
  },
  "details": {
    "DNSDialup": {
      "average": 0.0007329160800000002,
      "fastest": 0.000069138,
      "slowest": 0.001604654
    },
    "DNSLookup": {
      "average": 0.000006499820000000001,
      "fastest": 0.000003576,
      "slowest": 0.000028794
    }
  },
  "statusCodeDistribution": {
    "200": 461785
  },
  "errorDistribution": {}
}