{
  "summary": {
    "successRate": 1,
    "total": 10.000587986,
    "slowest": 0.005777391,
    "fastest": 0.000295503,
    "average": 0.0010889323423331038,
    "requestsPerSec": 45842.704513154415,
    "totalData": 5959902,
    "sizePerRequest": 13,
    "sizePerSec": 595955.1586710074
  },
  "responseTimeHistogram": {
    "0.000295503": 1,
    "0.0008436918": 7749,
    "0.0013918806": 447062,
    "0.0019400693999999997": 3193,
    "0.0024882581999999998": 292,
    "0.003036447": 77,
    "0.0035846357999999995": 8,
    "0.0041328245999999996": 28,
    "0.0046810134": 8,
    "0.0052292022": 19,
    "0.005777391": 17
  },
  "latencyPercentiles": {
    "p10": 0.001002328,
    "p25": 0.001047227,
    "p50": 0.001089296,
    "p75": 0.001131851,
    "p90": 0.00117526,
    "p95": 0.001209045,
    "p99": 0.001343066
  },
  "rps": {
    "mean": 45840.77630886719,
    "stddev": 2355.147671467681,
    "max": 54064.65187740454,
    "percentiles": {
      "p10": 44401.95812635366,
      "p25": 45206.59413519597,
      "p50": 45987.67651822568,
      "p75": 46780.81117524245,
      "p90": 47784.147884424434,
      "p95": 48482.08016171548,
      "p99": 50259.08457983383
    }
  },
  "details": {
    "DNSDialup": {
      "average": 0.0007691163399999999,
      "fastest": 0.000094858,
      "slowest": 0.001010373
    },
    "DNSLookup": {
      "average": 0.000006101199999999999,
      "fastest": 0.000003126,
      "slowest": 0.000029655
    }
  },
  "statusCodeDistribution": {
    "200": 458454
  },
  "errorDistribution": {}
}