{
  "summary": {
    "successRate": 1,
    "total": 10.000666337,
    "slowest": 0.005631382,
    "fastest": 0.000128568,
    "average": 0.0010641446350550935,
    "requestsPerSec": 46911.07414155897,
    "totalData": 6098846,
    "sizePerRequest": 13,
    "sizePerSec": 609843.9638402667
  },
  "responseTimeHistogram": {
    "0.000128568": 1,
    "0.0006788494000000001": 2585,
    "0.0012291308": 456190,
    "0.0017794122": 9748,
    "0.0023296936": 317,
    "0.002879975": 118,
    "0.0034302564": 98,
    "0.0039805378": 23,
    "0.0045308192": 27,
    "0.0050811006": 13,
    "0.005631382": 22
  },
  "latencyPercentiles": {
    "p10": 0.000975937,
    "p25": 0.001025489,
    "p50": 0.00106737,
    "p75": 0.001109272,
    "p90": 0.001150742,
    "p95": 0.00118389,
    "p99": 0.001320626
  },
  "rps": {
    "mean": 46909.51332358015,
    "stddev": 2574.7244565469514,
    "max": 60377.24343583005,
    "percentiles": {
      "p10": 45415.8455885259,
      "p25": 46203.571536080766,
      "p50": 46924.01571123693,
      "p75": 47901.93523818309,
      "p90": 49075.532151534535,
      "p95": 49817.04062826619,
      "p99": 51565.606921686376
    }
  },
  "details": {
    "DNSDialup": {
      "average": 0.00054041764,
      "fastest": 0.000072082,
      "slowest": 0.000966338
    },
    "DNSLookup": {
      "average": 0.00000651818,
      "fastest": 0.000003676,
      "slowest": 0.000031499
    }
  },
  "statusCodeDistribution": {
    "200": 469142
  },
  "errorDistribution": {}
}