{
  "summary": {
    "successRate": 1,
    "total": 10.000709145,
    "slowest": 0.011683414,
    "fastest": 0.000387494,
    "average": 0.0013892464856846063,
    "requestsPerSec": 35941.151251229596,
    "totalData": 4672681,
    "sizePerRequest": 13,
    "sizePerSec": 467234.96626598475
  },
  "responseTimeHistogram": {
    "0.000387494": 1,
    "0.001517086": 316215,
    "0.002646678": 42237,
    "0.00377627": 690,
    "0.004905862": 138,
    "0.006035454000000001": 50,
    "0.0071650460000000004": 18,
    "0.008294638": 60,
    "0.00942423": 15,
    "0.010553822000000001": 11,
    "0.011683414000000001": 2
  },
  "latencyPercentiles": {
    "p10": 0.001218293,
    "p25": 0.001266387,
    "p50": 0.001403636,
    "p75": 0.001469724,
    "p90": 0.001529256,
    "p95": 0.001571149,
    "p99": 0.001853599
  },
  "rps": {
    "mean": 35931.906559729025,
    "stddev": 2577.1687447117124,
    "max": 38508.513139175986,
    "percentiles": {
      "p10": 35309.09562303238,
      "p25": 35815.30738211813,
      "p50": 36429.25998161879,
      "p75": 36735.94918254357,
      "p90": 37078.3508879498,
      "p95": 37336.985666712906,
      "p99": 37749.86956612635
    }
  },
  "details": {
    "DNSDialup": {
      "average": 0.0007889635399999998,
      "fastest": 0.000089367,
      "slowest": 0.001270616
    },
    "DNSLookup": {
      "average": 0.00000903708,
      "fastest": 0.000003547,
      "slowest": 0.000155752
    }
  },
  "statusCodeDistribution": {
    "200": 359437
  },
  "errorDistribution": {}
}