{
  "summary": {
    "successRate": 1,
    "total": 10.000663727,
    "slowest": 0.012241625,
    "fastest": 0.000448242,
    "average": 0.0013701489130204534,
    "requestsPerSec": 36441.78126058493,
    "totalData": 4737746,
    "sizePerRequest": 13,
    "sizePerSec": 473743.1563876041
  },
  "responseTimeHistogram": {
    "0.000448242": 1,
    "0.0016275803": 357046,
    "0.0028069186000000005": 6725,
    "0.0039862569": 437,
    "0.0051655952": 96,
    "0.0063449335": 37,
    "0.007524271800000001": 9,
    "0.0087036101": 65,
    "0.009882948400000001": 19,
    "0.011062286700000002": 3,
    "0.012241625": 4
  },
  "latencyPercentiles": {
    "p10": 0.001200855,
    "p25": 0.001250099,
    "p50": 0.001381586,
    "p75": 0.001450887,
    "p90": 0.001509565,
    "p95": 0.001550182,
    "p99": 0.001848102
  },
  "rps": {
    "mean": 36435.63753310262,
    "stddev": 2646.517742961522,
    "max": 38954.84555164549,
    "percentiles": {
      "p10": 35567.795775527455,
      "p25": 36423.45306142651,
      "p50": 36824.33351958917,
      "p75": 37350.1888443627,
      "p90": 37705.64453498587,
      "p95": 37875.799581927335,
      "p99": 38548.961035410844
    }
  },
  "details": {
    "DNSDialup": {
      "average": 0.0007160353399999999,
      "fastest": 0.000077564,
      "slowest": 0.0011006
    },
    "DNSLookup": {
      "average": 0.0000067532800000000005,
      "fastest": 0.000003296,
      "slowest": 0.000030247
    }
  },
  "statusCodeDistribution": {
    "200": 364442
  },
  "errorDistribution": {}
}