{
  "summary": {
    "successRate": 1,
    "total": 10.000717196,
    "slowest": 0.01066839,
    "fastest": 0.000268956,
    "average": 0.0013700523760642174,
    "requestsPerSec": 36444.08624471216,
    "totalData": 4738071,
    "sizePerRequest": 13,
    "sizePerSec": 473773.1211812581
  },
  "responseTimeHistogram": {
    "0.000268956": 1,
    "0.0013088993999999998": 142777,
    "0.0023488427999999997": 220356,
    "0.0033887861999999996": 965,
    "0.0044287295999999995": 166,
    "0.005468672999999999": 102,
    "0.006508616399999999": 0,
    "0.007548559799999999": 13,
    "0.0085885032": 67,
    "0.0096284466": 3,
    "0.01066839": 17
  },
  "latencyPercentiles": {
    "p10": 0.001190251,
    "p25": 0.001247144,
    "p50": 0.001382879,
    "p75": 0.001458156,
    "p90": 0.001527997,
    "p95": 0.001595102,
    "p99": 0.001881494
  },
  "rps": {
    "mean": 36441.560733383834,
    "stddev": 3035.1379190375214,
    "max": 51609.14514051576,
    "percentiles": {
      "p10": 34680.84167249755,
      "p25": 36323.806622856726,
      "p50": 36739.07976398332,
      "p75": 37350.864407150846,
      "p90": 37939.886538378916,
      "p95": 39072.18754976484,
      "p99": 42055.01216140771
    }
  },
  "details": {
    "DNSDialup": {
      "average": 0.0006902142800000003,
      "fastest": 0.000066655,
      "slowest": 0.001588133
    },
    "DNSLookup": {
      "average": 0.000006373740000000002,
      "fastest": 0.000003166,
      "slowest": 0.000028373
    }
  },
  "statusCodeDistribution": {
    "200": 364467
  },
  "errorDistribution": {}
}