{
  "summary": {
    "successRate": 1,
    "total": 10.000640833,
    "slowest": 0.006548022,
    "fastest": 0.000346771,
    "average": 0.0012265997944378027,
    "requestsPerSec": 40700.89175254355,
    "totalData": 5291455,
    "sizePerRequest": 13,
    "sizePerSec": 529111.5927830662
  },
  "responseTimeHistogram": {
    "0.000346771": 1,
    "0.0009668960999999999": 3929,
    "0.0015870212": 399313,
    "0.0022071462999999998": 3305,
    "0.0028272714": 277,
    "0.0034473965": 123,
    "0.0040675215999999995": 26,
    "0.0046876467": 14,
    "0.0053077718": 29,
    "0.005927896899999999": 13,
    "0.006548022": 5
  },
  "latencyPercentiles": {
    "p10": 0.001081179,
    "p25": 0.001129891,
    "p50": 0.001237152,
    "p75": 0.001302358,
    "p90": 0.001355046,
    "p95": 0.001401162,
    "p99": 0.001572254
  },
  "rps": {
    "mean": 40699.52133974881,
    "stddev": 2162.691488471494,
    "max": 48987.40800944447,
    "percentiles": {
      "p10": 39332.69333470002,
      "p25": 40277.175095200735,
      "p50": 40956.683565842315,
      "p75": 41511.548512795904,
      "p90": 42158.47339820588,
      "p95": 42496.236978260524,
      "p99": 43328.610952400166
    }
  },
  "details": {
    "DNSDialup": {
      "average": 0.00077658006,
      "fastest": 0.000142318,
      "slowest": 0.001072002
    },
    "DNSLookup": {
      "average": 0.00000629768,
      "fastest": 0.000003427,
      "slowest": 0.000029365
    }
  },
  "statusCodeDistribution": {
    "200": 407035
  },
  "errorDistribution": {}
}