{
  "summary": {
    "successRate": 1,
    "total": 10.000614696,
    "slowest": 0.005645637,
    "fastest": 0.000421628,
    "average": 0.0012260983267173135,
    "requestsPerSec": 40716.79715476562,
    "totalData": 5293509,
    "sizePerRequest": 13,
    "sizePerSec": 529318.3630119531
  },
  "responseTimeHistogram": {
    "0.000421628": 1,
    "0.0009440289000000001": 2004,
    "0.0014664298": 396574,
    "0.0019888307": 7507,
    "0.0025112316": 799,
    "0.0030336325": 191,
    "0.0035560334": 74,
    "0.0040784343": 5,
    "0.0046008352": 16,
    "0.0051232361": 11,
    "0.005645637": 11
  },
  "latencyPercentiles": {
    "p10": 0.001081687,
    "p25": 0.001129853,
    "p50": 0.001235515,
    "p75": 0.00130069,
    "p90": 0.00135211,
    "p95": 0.001394233,
    "p99": 0.001587705
  },
  "rps": {
    "mean": 40709.94033108742,
    "stddev": 2169.2788751968956,
    "max": 45149.298519050644,
    "percentiles": {
      "p10": 39505.936729319576,
      "p25": 40384.02704507112,
      "p50": 41020.9863366092,
      "p75": 41604.23115030792,
      "p90": 42110.624711618955,
      "p95": 42508.30612301746,
      "p99": 43319.654824142504
    }
  },
  "details": {
    "DNSDialup": {
      "average": 0.00071175988,
      "fastest": 0.000067486,
      "slowest": 0.001586303
    },
    "DNSLookup": {
      "average": 0.000006430280000000002,
      "fastest": 0.000003086,
      "slowest": 0.000024155
    }
  },
  "statusCodeDistribution": {
    "200": 407193
  },
  "errorDistribution": {}
}