{
  "summary": {
    "successRate": 1,
    "total": 10.00073844,
    "slowest": 0.006625461,
    "fastest": 0.000213871,
    "average": 0.0012141207708623383,
    "requestsPerSec": 41122.46335281618,
    "totalData": 5346315,
    "sizePerRequest": 13,
    "sizePerSec": 534592.0235866103
  },
  "responseTimeHistogram": {
    "0.000213871": 1,
    "0.00085503": 702,
    "0.001496189": 403546,
    "0.002137348": 6362,
    "0.002778507": 415,
    "0.003419666": 142,
    "0.004060825": 39,
    "0.004701984": 20,
    "0.005343143": 15,
    "0.0059843019999999995": 10,
    "0.006625461": 3
  },
  "latencyPercentiles": {
    "p10": 0.001069937,
    "p25": 0.00111703,
    "p50": 0.001224797,
    "p75": 0.001286462,
    "p90": 0.001338981,
    "p95": 0.001385628,
    "p99": 0.001580918
  },
  "rps": {
    "mean": 41122.22050697188,
    "stddev": 2262.3306050015913,
    "max": 48029.50835718122,
    "percentiles": {
      "p10": 39795.18211658646,
      "p25": 40914.46229973122,
      "p50": 41441.4201597952,
      "p75": 42016.62177557356,
      "p90": 42510.42140947023,
      "p95": 42932.84030943232,
      "p99": 43707.80968336522
    }
  },
  "details": {
    "DNSDialup": {
      "average": 0.0007880213000000001,
      "fastest": 0.000101049,
      "slowest": 0.001111322
    },
    "DNSLookup": {
      "average": 0.00000603876,
      "fastest": 0.000003417,
      "slowest": 0.000025207
    }
  },
  "statusCodeDistribution": {
    "200": 411255
  },
  "errorDistribution": {}
}