{
  "summary": {
    "successRate": 1,
    "total": 10.000638578,
    "slowest": 0.010789799,
    "fastest": 0.000225694,
    "average": 0.0012142748351269448,
    "requestsPerSec": 41115.674443484524,
    "totalData": 5345379,
    "sizePerRequest": 13,
    "sizePerSec": 534503.7677652988
  },
  "responseTimeHistogram": {
    "0.000225694": 1,
    "0.0012821045": 294379,
    "0.0023385149999999998": 114654,
    "0.0033949254999999998": 670,
    "0.004451336": 62,
    "0.005507746500000001": 244,
    "0.006564157": 1078,
    "0.0076205675": 45,
    "0.008676978": 0,
    "0.0097333885": 0,
    "0.010789799000000001": 50
  },
  "latencyPercentiles": {
    "p10": 0.000899021,
    "p25": 0.001088004,
    "p50": 0.001226524,
    "p75": 0.001291537,
    "p90": 0.001358474,
    "p95": 0.001475421,
    "p99": 0.002189012
  },
  "rps": {
    "mean": 41128.902927685405,
    "stddev": 4360.730865805925,
    "max": 50878.18047584312,
    "percentiles": {
      "p10": 37742.811228558334,
      "p25": 40145.483879381776,
      "p50": 42048.17038399195,
      "p75": 43343.849567945894,
      "p90": 44371.46904432925,
      "p95": 45205.64618521091,
      "p99": 47470.56024074155
    }
  },
  "details": {
    "DNSDialup": {
      "average": 0.0008222298799999998,
      "fastest": 0.000158888,
      "slowest": 0.001727837
    },
    "DNSLookup": {
      "average": 0.0000058846599999999995,
      "fastest": 0.000002465,
      "slowest": 0.000023785
    }
  },
  "statusCodeDistribution": {
    "200": 411183
  },
  "errorDistribution": {}
}