{
  "summary": {
    "successRate": 1,
    "total": 10.000878978,
    "slowest": 0.010647611,
    "fastest": 0.000172012,
    "average": 0.0011839854443313927,
    "requestsPerSec": 42165.49374586383,
    "totalData": 5481996,
    "sizePerRequest": 13,
    "sizePerSec": 548151.4186962298
  },
  "responseTimeHistogram": {
    "0.000172012": 1,
    "0.0012195719000000001": 241367,
    "0.0022671318": 178594,
    "0.0033146917000000005": 330,
    "0.0043622516": 0,
    "0.0054098115": 325,
    "0.006457371400000001": 945,
    "0.007504931300000001": 43,
    "0.0085524912": 37,
    "0.0096000511": 0,
    "0.010647611": 50
  },
  "latencyPercentiles": {
    "p10": 0.000884488,
    "p25": 0.001058162,
    "p50": 0.001199377,
    "p75": 0.001266099,
    "p90": 0.001330549,
    "p95": 0.001440693,
    "p99": 0.002020478
  },
  "rps": {
    "mean": 42172.69384888139,
    "stddev": 4356.13063836331,
    "max": 50150.7224406762,
    "percentiles": {
      "p10": 39508.47851949083,
      "p25": 41394.65422201312,
      "p50": 43138.365851713155,
      "p75": 44234.68953501678,
      "p90": 45142.17980952939,
      "p95": 45939.61372891859,
      "p99": 47525.292960913896
    }
  },
  "details": {
    "DNSDialup": {
      "average": 0.0006991607800000002,
      "fastest": 0.000068989,
      "slowest": 0.001269326
    },
    "DNSLookup": {
      "average": 0.00000650954,
      "fastest": 0.000003116,
      "slowest": 0.00002676
    }
  },
  "statusCodeDistribution": {
    "200": 421692
  },
  "errorDistribution": {}
}