{
  "summary": {
    "successRate": 1,
    "total": 10.000698507,
    "slowest": 0.010854443,
    "fastest": 0.000178552,
    "average": 0.001223166929213424,
    "requestsPerSec": 40815.648998346514,
    "totalData": 5306405,
    "sizePerRequest": 13,
    "sizePerSec": 530603.4369785046
  },
  "responseTimeHistogram": {
    "0.000178552": 1,
    "0.0012461411": 222042,
    "0.0023137302": 183727,
    "0.0033813192999999995": 1010,
    "0.0044489084": 16,
    "0.0055164975": 279,
    "0.0065840866": 1012,
    "0.007651675699999999": 48,
    "0.0087192648": 0,
    "0.0097868539": 0,
    "0.010854443": 50
  },
  "latencyPercentiles": {
    "p10": 0.000907459,
    "p25": 0.001093214,
    "p50": 0.001233174,
    "p75": 0.001302861,
    "p90": 0.001372617,
    "p95": 0.001494175,
    "p99": 0.002226405
  },
  "rps": {
    "mean": 40828.179032471526,
    "stddev": 4313.260857379148,
    "max": 50721.175574291796,
    "percentiles": {
      "p10": 37402.44855023687,
      "p25": 39752.672290787326,
      "p50": 41731.78292587533,
      "p75": 43131.52706057599,
      "p90": 44189.46985203849,
      "p95": 44911.14694666999,
      "p99": 46164.54219145107
    }
  },
  "details": {
    "DNSDialup": {
      "average": 0.00068692178,
      "fastest": 0.000070151,
      "slowest": 0.001263608
    },
    "DNSLookup": {
      "average": 0.000007383180000000002,
      "fastest": 0.000003346,
      "slowest": 0.000030808
    }
  },
  "statusCodeDistribution": {
    "200": 408185
  },
  "errorDistribution": {}
}