{
  "summary": {
    "successRate": 1,
    "total": 10.001295044,
    "slowest": 0.013886322,
    "fastest": 0.000227556,
    "average": 0.0015987911822631941,
    "requestsPerSec": 31230.455518596336,
    "totalData": 4060485,
    "sizePerRequest": 13,
    "sizePerSec": 405995.92174175236
  },
  "responseTimeHistogram": {
    "0.000227556": 1,
    "0.0015934326": 125579,
    "0.0029593092": 184531,
    "0.004325185800000001": 1037,
    "0.0056910624": 340,
    "0.007056939": 603,
    "0.008422815600000001": 204,
    "0.0097886922": 0,
    "0.0111545688": 0,
    "0.0125204454": 0,
    "0.013886322": 50
  },
  "latencyPercentiles": {
    "p10": 0.001081478,
    "p25": 0.001361105,
    "p50": 0.001640687,
    "p75": 0.00173572,
    "p90": 0.001943128,
    "p95": 0.002161988,
    "p99": 0.002732903
  },
  "rps": {
    "mean": 31240.173503600923,
    "stddev": 3794.7321030305566,
    "max": 41726.506686512614,
    "percentiles": {
      "p10": 28001.10604368882,
      "p25": 30223.20235244573,
      "p50": 31890.476470795886,
      "p75": 33199.53683092703,
      "p90": 34270.42915896373,
      "p95": 35270.816199027635,
      "p99": 38683.13735556306
    }
  },
  "details": {
    "DNSDialup": {
      "average": 0.0007148191200000002,
      "fastest": 0.000087434,
      "slowest": 0.001513321
    },
    "DNSLookup": {
      "average": 0.00000660628,
      "fastest": 0.000003206,
      "slowest": 0.00002684
    }
  },
  "statusCodeDistribution": {
    "200": 312345
  },
  "errorDistribution": {}
}