{
  "summary": {
    "successRate": 1,
    "total": 10.001212129,
    "slowest": 0.013901513,
    "fastest": 0.000334969,
    "average": 0.0016167926743670008,
    "requestsPerSec": 30886.556150957927,
    "totalData": 4015739,
    "sizePerRequest": 13,
    "sizePerSec": 401525.2299624531
  },
  "responseTimeHistogram": {
    "0.000334969": 1,
    "0.0016916234000000003": 174774,
    "0.0030482778000000006": 132034,
    "0.0044049322": 761,
    "0.005761586600000001": 244,
    "0.007118241000000002": 590,
    "0.0084748954": 448,
    "0.0098315498": 1,
    "0.011188204200000001": 0,
    "0.012544858600000002": 0,
    "0.013901513000000002": 50
  },
  "latencyPercentiles": {
    "p10": 0.001105347,
    "p25": 0.001356869,
    "p50": 0.001661402,
    "p75": 0.001773551,
    "p90": 0.001913715,
    "p95": 0.002249946,
    "p99": 0.002682679
  },
  "rps": {
    "mean": 30895.444388512733,
    "stddev": 4034.2044053272757,
    "max": 42518.84559249792,
    "percentiles": {
      "p10": 28077.039092276904,
      "p25": 29731.61591734324,
      "p50": 31179.091840443354,
      "p75": 32718.99177064147,
      "p90": 34597.9631775813,
      "p95": 36443.775020151275,
      "p99": 38986.47877099004
    }
  },
  "details": {
    "DNSDialup": {
      "average": 0.0007397190399999999,
      "fastest": 0.000078928,
      "slowest": 0.001671258
    },
    "DNSLookup": {
      "average": 0.00000651574,
      "fastest": 0.000003096,
      "slowest": 0.000028483
    }
  },
  "statusCodeDistribution": {
    "200": 308903
  },
  "errorDistribution": {}
}