{
  "summary": {
    "successRate": 1,
    "total": 10.00088554,
    "slowest": 0.014021283,
    "fastest": 0.000307222,
    "average": 0.0015728326195389424,
    "requestsPerSec": 31747.088668310065,
    "totalData": 4127487,
    "sizePerRequest": 13,
    "sizePerSec": 412712.15268803085
  },
  "responseTimeHistogram": {
    "0.000307222": 1,
    "0.0016786281000000002": 216878,
    "0.0030500342": 98681,
    "0.004421440300000001": 697,
    "0.005792846400000001": 542,
    "0.007164252500000001": 606,
    "0.0085356586": 44,
    "0.0099070647": 0,
    "0.0112784708": 0,
    "0.0126498769": 0,
    "0.014021283": 50
  },
  "latencyPercentiles": {
    "p10": 0.001075257,
    "p25": 0.00141243,
    "p50": 0.001625182,
    "p75": 0.001699323,
    "p90": 0.001778402,
    "p95": 0.002126235,
    "p99": 0.002438512
  },
  "rps": {
    "mean": 31757.194244284525,
    "stddev": 3195.42976774764,
    "max": 36837.59695378493,
    "percentiles": {
      "p10": 29945.973057839437,
      "p25": 31002.945279800864,
      "p50": 32406.39599283328,
      "p75": 33400.09686027776,
      "p90": 34067.04251597473,
      "p95": 34612.98319647595,
      "p99": 35583.143263595506
    }
  },
  "details": {
    "DNSDialup": {
      "average": 0.0006683021,
      "fastest": 0.000085881,
      "slowest": 0.001148625
    },
    "DNSLookup": {
      "average": 0.000006280059999999999,
      "fastest": 0.000003267,
      "slowest": 0.000026039
    }
  },
  "statusCodeDistribution": {
    "200": 317499
  },
  "errorDistribution": {}
}