{
  "summary": {
    "successRate": 0.4325953941122448,
    "total": 10.000770385,
    "slowest": 0.013883973,
    "fastest": 0.000149385,
    "average": 0.0013822458067962189,
    "requestsPerSec": 51608.224179821525,
    "totalData": 2902536,
    "sizePerRequest": 13,
    "sizePerSec": 290231.24102053867
  },
  "responseTimeHistogram": {
    "0.000149385": 1,
    "0.0015228438": 186878,
    "0.0028963026": 35647,
    "0.0042697614000000005": 587,
    "0.0056432202": 99,
    "0.007016679": 8,
    "0.008390137800000001": 1,
    "0.0097635966": 1,
    "0.0111370554": 0,
    "0.0125105142": 0,
    "0.013883972999999999": 50
  },
  "latencyPercentiles": {
    "p10": 0.001149586,
    "p25": 0.001236109,
    "p50": 0.001366082,
    "p75": 0.001459611,
    "p90": 0.001593278,
    "p95": 0.001761979,
    "p99": 0.002423247
  },
  "rps": {
    "mean": 36021.90743135097,
    "stddev": 4149.481518754759,
    "max": 51309.42040959302,
    "percentiles": {
      "p10": 32545.179947901153,
      "p25": 34705.43633689574,
      "p50": 37305.74881589185,
      "p75": 38030.44591409397,
      "p90": 38614.73538302123,
      "p95": 39440.45663194717,
      "p99": 42851.32948014189
    }
  },
  "details": {
    "DNSDialup": {
      "average": 0.00068540316,
      "fastest": 0.000064528,
      "slowest": 0.001626001
    },
    "DNSLookup": {
      "average": 0.000036653600000000004,
      "fastest": 0.000003838,
      "slowest": 0.001452184
    }
  },
  "statusCodeDistribution": {
    "200": 223272
  },
  "errorDistribution": {
    "Connection refused (os error 111)": 292850
  }
}