{
  "summary": {
    "successRate": 0.8810774248980839,
    "total": 10.000629588,
    "slowest": 0.017660078,
    "fastest": 0.000173585,
    "average": 0.0013752177720199822,
    "requestsPerSec": 38288.88937747146,
    "totalData": 4385888,
    "sizePerRequest": 13,
    "sizePerSec": 438561.188713832
  },
  "responseTimeHistogram": {
    "0.000173585": 1,
    "0.0019222342999999998": 329425,
    "0.0036708835999999996": 7686,
    "0.005419532899999999": 162,
    "0.0071681822": 52,
    "0.0089168315": 0,
    "0.010665480799999998": 0,
    "0.012414130099999999": 0,
    "0.014162779399999999": 0,
    "0.015911428699999997": 0,
    "0.017660078": 50
  },
  "latencyPercentiles": {
    "p10": 0.001149689,
    "p25": 0.001240313,
    "p50": 0.001364865,
    "p75": 0.001462464,
    "p90": 0.001592964,
    "p95": 0.001710042,
    "p99": 0.002239674
  },
  "rps": {
    "mean": 36227.29982578297,
    "stddev": 3553.1361119314097,
    "max": 53118.41909908702,
    "percentiles": {
      "p10": 32837.91465626164,
      "p25": 35002.20071308168,
      "p50": 37036.51660018836,
      "p75": 37845.15889144363,
      "p90": 38936.615993681466,
      "p95": 39889.25220180379,
      "p99": 42313.782082411904
    }
  },
  "details": {
    "DNSDialup": {
      "average": 0.0008376899600000001,
      "fastest": 0.0000815,
      "slowest": 0.001868707
    },
    "DNSLookup": {
      "average": 0.0000072758799999999995,
      "fastest": 0.000003466,
      "slowest": 0.000033373
    }
  },
  "statusCodeDistribution": {
    "200": 337376
  },
  "errorDistribution": {
    "Connection refused (os error 111)": 45537
  }
}