{
  "summary": {
    "successRate": 1,
    "total": 10.000789504,
    "slowest": 0.014672903,
    "fastest": 0.000124073,
    "average": 0.001379852631796792,
    "requestsPerSec": 36119.048386682254,
    "totalData": 4695847,
    "sizePerRequest": 13,
    "sizePerSec": 469547.62902686925
  },
  "responseTimeHistogram": {
    "0.000124073": 1,
    "0.0015789559999999998": 325025,
    "0.003033839": 34926,
    "0.004488722": 1042,
    "0.005943604999999999": 168,
    "0.007398487999999999": 7,
    "0.008853371": 0,
    "0.010308254": 0,
    "0.011763137": 0,
    "0.01321802": 0,
    "0.014672903": 50
  },
  "latencyPercentiles": {
    "p10": 0.001165721,
    "p25": 0.001236012,
    "p50": 0.001359803,
    "p75": 0.001437812,
    "p90": 0.001579367,
    "p95": 0.001745168,
    "p99": 0.002473546
  },
  "rps": {
    "mean": 36110.0186299391,
    "stddev": 3706.73549357623,
    "max": 41619.61116077899,
    "percentiles": {
      "p10": 32121.037708890017,
      "p25": 36134.15914900686,
      "p50": 37477.36076809482,
      "p75": 37933.53132472827,
      "p90": 38418.876179480445,
      "p95": 38677.93942973971,
      "p99": 39527.30546261277
    }
  },
  "details": {
    "DNSDialup": {
      "average": 0.0005036521799999999,
      "fastest": 0.000069551,
      "slowest": 0.000694274
    },
    "DNSLookup": {
      "average": 0.00000560262,
      "fastest": 0.000003116,
      "slowest": 0.000027161
    }
  },
  "statusCodeDistribution": {
    "200": 361219
  },
  "errorDistribution": {}
}