{
  "summary": {
    "successRate": 1,
    "total": 10.000644035,
    "slowest": 0.004180715,
    "fastest": 0.000099076,
    "average": 0.0008861201195385431,
    "requestsPerSec": 56322.97260343393,
    "totalData": 7322458,
    "sizePerRequest": 13,
    "sizePerSec": 732198.6438446412
  },
  "responseTimeHistogram": {
    "0.000099076": 1,
    "0.0005072399": 4255,
    "0.0009154038": 306707,
    "0.0013235677000000001": 250633,
    "0.0017317316": 1456,
    "0.0021398955": 78,
    "0.0025480594000000002": 39,
    "0.0029562233": 41,
    "0.0033643872": 31,
    "0.0037725511": 10,
    "0.004180715": 15
  },
  "latencyPercentiles": {
    "p10": 0.000728587,
    "p25": 0.000826931,
    "p50": 0.000901295,
    "p75": 0.000963458,
    "p90": 0.001014124,
    "p95": 0.001054749,
    "p99": 0.001166207
  },
  "rps": {
    "mean": 56322.82174611021,
    "stddev": 3567.5838747172975,
    "max": 73017.20275225412,
    "percentiles": {
      "p10": 53572.61231873632,
      "p25": 54489.16309068926,
      "p50": 55620.11779660797,
      "p75": 57523.58943189302,
      "p90": 60308.545720929964,
      "p95": 62682.640793621904,
      "p99": 67839.39433628629
    }
  },
  "details": {
    "DNSDialup": {
      "average": 0.0007816723800000001,
      "fastest": 0.000129223,
      "slowest": 0.00127662
    },
    "DNSLookup": {
      "average": 0.000006653679999999999,
      "fastest": 0.000003276,
      "slowest": 0.000028865
    }
  },
  "statusCodeDistribution": {
    "200": 563266
  },
  "errorDistribution": {}
}