{
  "summary": {
    "successRate": 1,
    "total": 10.000709102,
    "slowest": 0.003995325,
    "fastest": 0.000101683,
    "average": 0.0008965792245317896,
    "requestsPerSec": 55663.45289342264,
    "totalData": 7236762,
    "sizePerRequest": 13,
    "sizePerSec": 723624.8876144943
  },
  "responseTimeHistogram": {
    "0.000101683": 1,
    "0.0004910472000000001": 2426,
    "0.0008804114": 216613,
    "0.0012697756": 334572,
    "0.0016591398": 2837,
    "0.002048504": 72,
    "0.0024378682000000002": 53,
    "0.0028272324": 18,
    "0.0032165966": 16,
    "0.0036059608000000003": 31,
    "0.003995325": 35
  },
  "latencyPercentiles": {
    "p10": 0.000730502,
    "p25": 0.00083594,
    "p50": 0.000911632,
    "p75": 0.000975584,
    "p90": 0.001029634,
    "p95": 0.001073947,
    "p99": 0.001201407
  },
  "rps": {
    "mean": 55705.91844162296,
    "stddev": 3865.9274744074446,
    "max": 99117.85112616763,
    "percentiles": {
      "p10": 52964.15710854486,
      "p25": 53847.61744810472,
      "p50": 54949.104394775546,
      "p75": 56930.16867194113,
      "p90": 59885.46854070013,
      "p95": 61907.16885015349,
      "p99": 67208.72355209169
    }
  },
  "details": {
    "DNSDialup": {
      "average": 0.0006697026600000001,
      "fastest": 0.000083397,
      "slowest": 0.00141547
    },
    "DNSLookup": {
      "average": 0.00000730492,
      "fastest": 0.000003737,
      "slowest": 0.000026449
    }
  },
  "statusCodeDistribution": {
    "200": 556674
  },
  "errorDistribution": {}
}