{
  "summary": {
    "successRate": 1,
    "total": 10.000683114,
    "slowest": 0.003946867,
    "fastest": 0.00007478,
    "average": 0.0009096321364765374,
    "requestsPerSec": 54863.55219394066,
    "totalData": 7132749,
    "sizePerRequest": 13,
    "sizePerSec": 713226.1785212286
  },
  "responseTimeHistogram": {
    "0.00007478": 1,
    "0.00046198869999999995": 684,
    "0.0008491973999999999": 138515,
    "0.0012364060999999998": 405728,
    "0.0016236147999999998": 3467,
    "0.0020108235": 137,
    "0.0023980321999999997": 16,
    "0.0027852409": 32,
    "0.0031724495999999997": 21,
    "0.0035596582999999995": 54,
    "0.003946867": 18
  },
  "latencyPercentiles": {
    "p10": 0.000754927,
    "p25": 0.000847923,
    "p50": 0.000922756,
    "p75": 0.000986332,
    "p90": 0.001040482,
    "p95": 0.001084005,
    "p99": 0.001198975
  },
  "rps": {
    "mean": 54865.40489059987,
    "stddev": 3341.1996953218595,
    "max": 76298.91094880113,
    "percentiles": {
      "p10": 52419.10152059273,
      "p25": 53216.656232128065,
      "p50": 54217.86478644325,
      "p75": 56153.053404856364,
      "p90": 58833.804628227095,
      "p95": 60551.52935148354,
      "p99": 64039.0510133097
    }
  },
  "details": {
    "DNSDialup": {
      "average": 0.0006496032800000001,
      "fastest": 0.000069481,
      "slowest": 0.001476868
    },
    "DNSLookup": {
      "average": 0.000007339319999999999,
      "fastest": 0.000003817,
      "slowest": 0.000026851
    }
  },
  "statusCodeDistribution": {
    "200": 548673
  },
  "errorDistribution": {}
}