{
  "summary": {
    "successRate": 1,
    "total": 10.000772697,
    "slowest": 0.339568865,
    "fastest": 0.001274761,
    "average": 0.0074739581532844695,
    "requestsPerSec": 6682.483646493381,
    "totalData": 868790,
    "sizePerRequest": 13,
    "sizePerSec": 86872.28740441395
  },
  "responseTimeHistogram": {
    "0.001274761": 1,
    "0.035104171399999995": 66790,
    "0.06893358179999999": 7,
    "0.10276299219999999": 6,
    "0.1365924026": 5,
    "0.17042181299999998": 4,
    "0.2042512234": 4,
    "0.2380806338": 3,
    "0.2719100442": 4,
    "0.30573945459999996": 2,
    "0.33956886499999994": 4
  },
  "latencyPercentiles": {
    "p10": 0.006407907,
    "p25": 0.007144203,
    "p50": 0.007248699,
    "p75": 0.007412707,
    "p90": 0.008404747,
    "p95": 0.009353214,
    "p99": 0.010787148
  },
  "rps": {
    "mean": 6680.385144894559,
    "stddev": 884.7949362995012,
    "max": 8511.255283986904,
    "percentiles": {
      "p10": 5454.466116856757,
      "p25": 6645.373279678971,
      "p50": 6885.801214614959,
      "p75": 6981.665236437098,
      "p90": 7395.424643255889,
      "p95": 8101.774491156956,
      "p99": 8377.03690680247
    }
  },
  "details": {
    "DNSDialup": {
      "average": 0.0007157743000000001,
      "fastest": 0.000071435,
      "slowest": 0.001543269
    },
    "DNSLookup": {
      "average": 0.0000064121600000000025,
      "fastest": 0.000003266,
      "slowest": 0.000027422
    }
  },
  "statusCodeDistribution": {
    "200": 66830
  },
  "errorDistribution": {}
}