{
  "summary": {
    "successRate": 1,
    "total": 10.000655909,
    "slowest": 0.356392476,
    "fastest": 0.001310933,
    "average": 0.007878860258088895,
    "requestsPerSec": 6338.484253113202,
    "totalData": 824057,
    "sizePerRequest": 13,
    "sizePerSec": 82400.29529047162
  },
  "responseTimeHistogram": {
    "0.001310933": 1,
    "0.0368190873": 63349,
    "0.0723272416": 7,
    "0.10783539589999999": 6,
    "0.14334355019999998": 5,
    "0.17885170449999996": 4,
    "0.21435985879999997": 4,
    "0.24986801309999998": 3,
    "0.2853761674": 4,
    "0.3208843217": 3,
    "0.35639247599999996": 3
  },
  "latencyPercentiles": {
    "p10": 0.006315775,
    "p25": 0.007268474,
    "p50": 0.00759192,
    "p75": 0.008149341,
    "p90": 0.00912399,
    "p95": 0.010128599,
    "p99": 0.011785791
  },
  "rps": {
    "mean": 6336.384513667493,
    "stddev": 1027.0445577677979,
    "max": 8314.880309803446,
    "percentiles": {
      "p10": 5013.352060542531,
      "p25": 5913.397985816941,
      "p50": 6521.355482799736,
      "p75": 6802.280804753892,
      "p90": 7667.924004414754,
      "p95": 8002.273445885905,
      "p99": 8238.267576720253
    }
  },
  "details": {
    "DNSDialup": {
      "average": 0.0008380213999999999,
      "fastest": 0.000093727,
      "slowest": 0.001709351
    },
    "DNSLookup": {
      "average": 0.000023543259999999996,
      "fastest": 0.000003266,
      "slowest": 0.000884582
    }
  },
  "statusCodeDistribution": {
    "200": 63389
  },
  "errorDistribution": {}
}