{
  "summary": {
    "successRate": 1,
    "total": 10.000678089,
    "slowest": 0.350763678,
    "fastest": 0.001303665,
    "average": 0.00787909790921138,
    "requestsPerSec": 6338.470195308373,
    "totalData": 824057,
    "sizePerRequest": 13,
    "sizePerSec": 82400.11253900884
  },
  "responseTimeHistogram": {
    "0.001303665": 1,
    "0.036249666300000004": 63349,
    "0.0711956676": 7,
    "0.1061416689": 6,
    "0.14108767020000001": 5,
    "0.17603367150000002": 4,
    "0.21097967280000002": 4,
    "0.24592567410000002": 3,
    "0.2808716754": 4,
    "0.31581767670000005": 2,
    "0.350763678": 4
  },
  "latencyPercentiles": {
    "p10": 0.006658767,
    "p25": 0.007361191,
    "p50": 0.007515279,
    "p75": 0.008020901,
    "p90": 0.008986266,
    "p95": 0.010033184,
    "p99": 0.0115402
  },
  "rps": {
    "mean": 6334.8121019249475,
    "stddev": 941.6055761578383,
    "max": 8318.404469889518,
    "percentiles": {
      "p10": 5117.064899734099,
      "p25": 5905.541760387976,
      "p50": 6584.51554933374,
      "p75": 6768.192927844383,
      "p90": 7077.771258364326,
      "p95": 7948.32662068665,
      "p99": 8261.402044556009
    }
  },
  "details": {
    "DNSDialup": {
      "average": 0.00071153618,
      "fastest": 0.000071534,
      "slowest": 0.001632412
    },
    "DNSLookup": {
      "average": 0.000006463980000000001,
      "fastest": 0.000003105,
      "slowest": 0.000024456
    }
  },
  "statusCodeDistribution": {
    "200": 63389
  },
  "errorDistribution": {}
}