{
  "summary": {
    "successRate": 1,
    "total": 10.000637661,
    "slowest": 0.005050782,
    "fastest": 0.000042092,
    "average": 0.0006886412296825671,
    "requestsPerSec": 72439.2808295747,
    "totalData": 9417707,
    "sizePerRequest": 13,
    "sizePerSec": 941710.650784471
  },
  "responseTimeHistogram": {
    "0.000042092": 1,
    "0.000542961": 266991,
    "0.0010438300000000001": 401431,
    "0.001544699": 45597,
    "0.002045568": 10083,
    "0.0025464370000000004": 235,
    "0.003047306": 53,
    "0.003548175": 27,
    "0.004049044": 6,
    "0.004549913": 0,
    "0.005050782": 15
  },
  "latencyPercentiles": {
    "p10": 0.000367625,
    "p25": 0.000458147,
    "p50": 0.000656549,
    "p75": 0.000874304,
    "p90": 0.001005284,
    "p95": 0.001177644,
    "p99": 0.001626818
  },
  "rps": {
    "mean": 72405.1104648272,
    "stddev": 12363.829781961107,
    "max": 103481.22241147474,
    "percentiles": {
      "p10": 57076.96257633856,
      "p25": 62265.17706170941,
      "p50": 71388.9021740445,
      "p75": 80967.69218728637,
      "p90": 89942.91489008217,
      "p95": 94052.31189587654,
      "p99": 98779.65591452968
    }
  },
  "details": {
    "DNSDialup": {
      "average": 0.00069381614,
      "fastest": 0.000136738,
      "slowest": 0.001045119
    },
    "DNSLookup": {
      "average": 0.0000062763599999999995,
      "fastest": 0.000003045,
      "slowest": 0.000027501
    }
  },
  "statusCodeDistribution": {
    "200": 724439
  },
  "errorDistribution": {}
}