{
  "summary": {
    "successRate": 1,
    "total": 10.00060437,
    "slowest": 0.005679849,
    "fastest": 0.000045104,
    "average": 0.0006826894505185821,
    "requestsPerSec": 73068.48396003491,
    "totalData": 9499477,
    "sizePerRequest": 13,
    "sizePerSec": 949890.2914804538
  },
  "responseTimeHistogram": {
    "0.000045104": 1,
    "0.0006085785": 328776,
    "0.001172053": 366349,
    "0.0017355275": 32094,
    "0.0022990019999999996": 3398,
    "0.0028624765": 75,
    "0.0034259509999999996": 21,
    "0.003989425499999999": 11,
    "0.0045528999999999995": 3,
    "0.0051163745": 0,
    "0.005679849": 1
  },
  "latencyPercentiles": {
    "p10": 0.00037342,
    "p25": 0.000455474,
    "p50": 0.000654087,
    "p75": 0.000860947,
    "p90": 0.000990771,
    "p95": 0.001162775,
    "p99": 0.001585308
  },
  "rps": {
    "mean": 73055.43045657917,
    "stddev": 11452.124779701491,
    "max": 101786.89762479202,
    "percentiles": {
      "p10": 58537.329254867414,
      "p25": 64122.67951043953,
      "p50": 72353.86773512438,
      "p75": 81464.55614608369,
      "p90": 89054.81218269684,
      "p95": 92029.36657086872,
      "p99": 98249.38996833745
    }
  },
  "details": {
    "DNSDialup": {
      "average": 0.0007106618600000002,
      "fastest": 0.000104877,
      "slowest": 0.001147605
    },
    "DNSLookup": {
      "average": 0.000006123259999999999,
      "fastest": 0.000003517,
      "slowest": 0.000027592
    }
  },
  "statusCodeDistribution": {
    "200": 730729
  },
  "errorDistribution": {}
}