{
  "summary": {
    "successRate": 1,
    "total": 10.000580057,
    "slowest": 0.005019642,
    "fastest": 0.000055281,
    "average": 0.0006958351886310044,
    "requestsPerSec": 71694.54130794526,
    "totalData": 9320831,
    "sizePerRequest": 13,
    "sizePerSec": 932029.0370032883
  },
  "responseTimeHistogram": {
    "0.000055281": 1,
    "0.0005517171000000001": 278757,
    "0.0010481532": 387323,
    "0.0015445893000000002": 40824,
    "0.0020410254000000003": 9795,
    "0.0025374615": 225,
    "0.0030338976000000004": 38,
    "0.0035303337000000008": 19,
    "0.004026769800000001": 4,
    "0.0045232059000000005": 0,
    "0.005019642": 1
  },
  "latencyPercentiles": {
    "p10": 0.000392563,
    "p25": 0.000463409,
    "p50": 0.000664241,
    "p75": 0.000879507,
    "p90": 0.000992101,
    "p95": 0.001177587,
    "p99": 0.001624127
  },
  "rps": {
    "mean": 71698.16186104027,
    "stddev": 11824.89350928539,
    "max": 100759.93200756115,
    "percentiles": {
      "p10": 56820.32463012001,
      "p25": 62469.17836812411,
      "p50": 70407.73076883546,
      "p75": 80811.51564097876,
      "p90": 88257.47781767359,
      "p95": 91974.42029063815,
      "p99": 96943.24638220952
    }
  },
  "details": {
    "DNSDialup": {
      "average": 0.0005442782799999998,
      "fastest": 0.000074994,
      "slowest": 0.000861693
    },
    "DNSLookup": {
      "average": 0.000006348880000000001,
      "fastest": 0.000003416,
      "slowest": 0.000026931
    }
  },
  "statusCodeDistribution": {
    "200": 716987
  },
  "errorDistribution": {}
}