{
  "summary": {
    "successRate": 1,
    "total": 10.000781251,
    "slowest": 0.013938709,
    "fastest": 0.001570287,
    "average": 0.0030034291900255753,
    "requestsPerSec": 16611.202248163245,
    "totalData": 2159625,
    "sizePerRequest": 13,
    "sizePerSec": 215945.62922612217
  },
  "responseTimeHistogram": {
    "0.001570287": 1,
    "0.0028071292000000003": 45064,
    "0.0040439714000000005": 117571,
    "0.0052808136": 1961,
    "0.0065176558": 273,
    "0.007754498": 367,
    "0.0089913402": 836,
    "0.0102281824": 9,
    "0.0114650246": 7,
    "0.0127018668": 18,
    "0.013938709": 18
  },
  "latencyPercentiles": {
    "p10": 0.00273988,
    "p25": 0.002801149,
    "p50": 0.002861961,
    "p75": 0.002929784,
    "p90": 0.003632142,
    "p95": 0.003766205,
    "p99": 0.00512384
  },
  "rps": {
    "mean": 16613.17581905266,
    "stddev": 1951.8075533042283,
    "max": 20178.792783108533,
    "percentiles": {
      "p10": 15359.368567323347,
      "p25": 16137.319164299499,
      "p50": 16823.903401953226,
      "p75": 17805.524248684073,
      "p90": 18329.97856538049,
      "p95": 18544.20010094001,
      "p99": 19003.456728780136
    }
  },
  "details": {
    "DNSDialup": {
      "average": 0.0005991848599999999,
      "fastest": 0.000077101,
      "slowest": 0.001053145
    },
    "DNSLookup": {
      "average": 0.0000062238,
      "fastest": 0.000003506,
      "slowest": 0.000028092
    }
  },
  "statusCodeDistribution": {
    "200": 166125
  },
  "errorDistribution": {}
}