{
  "summary": {
    "successRate": 1,
    "total": 10.000654833,
    "slowest": 0.01322885,
    "fastest": 0.001049085,
    "average": 0.003024462829960932,
    "requestsPerSec": 16495.71980583124,
    "totalData": 2144584,
    "sizePerRequest": 13,
    "sizePerSec": 214444.3574758061
  },
  "responseTimeHistogram": {
    "0.001049085": 1,
    "0.0022670615": 82,
    "0.003485038": 143162,
    "0.0047030145": 19607,
    "0.0059209910000000004": 820,
    "0.007138967500000001": 82,
    "0.008356944000000002": 1061,
    "0.0095749205": 103,
    "0.010792897000000001": 13,
    "0.012010873500000002": 14,
    "0.013228850000000002": 23
  },
  "latencyPercentiles": {
    "p10": 0.002734733,
    "p25": 0.002804902,
    "p50": 0.002875497,
    "p75": 0.00295737,
    "p90": 0.003697792,
    "p95": 0.00386514,
    "p99": 0.005082429
  },
  "rps": {
    "mean": 16496.47591021961,
    "stddev": 1984.7552513064086,
    "max": 19245.168410258266,
    "percentiles": {
      "p10": 15226.172613231494,
      "p25": 15915.266273545196,
      "p50": 16802.382577850043,
      "p75": 17721.64367008725,
      "p90": 18220.65947449994,
      "p95": 18459.711629207985,
      "p99": 18934.394327294594
    }
  },
  "details": {
    "DNSDialup": {
      "average": 0.0007020642199999997,
      "fastest": 0.000087121,
      "slowest": 0.00136106
    },
    "DNSLookup": {
      "average": 0.000007292840000000004,
      "fastest": 0.000003156,
      "slowest": 0.000024215
    }
  },
  "statusCodeDistribution": {
    "200": 164968
  },
  "errorDistribution": {}
}