{
  "summary": {
    "successRate": 1,
    "total": 10.000667012,
    "slowest": 0.013910152,
    "fastest": 0.000320311,
    "average": 0.0029996615136106655,
    "requestsPerSec": 16632.890566239763,
    "totalData": 2162420,
    "sizePerRequest": 13,
    "sizePerSec": 216227.57736111694
  },
  "responseTimeHistogram": {
    "0.000320311": 1,
    "0.0016792951": 126,
    "0.0030382791999999997": 139173,
    "0.0043972633": 24116,
    "0.0057562474": 1512,
    "0.0071152315": 212,
    "0.0084742156": 1086,
    "0.0098331997": 67,
    "0.0111921838": 10,
    "0.0125511679": 15,
    "0.013910152": 22
  },
  "latencyPercentiles": {
    "p10": 0.002713598,
    "p25": 0.002782748,
    "p50": 0.002854192,
    "p75": 0.002936885,
    "p90": 0.003650526,
    "p95": 0.003835284,
    "p99": 0.005154594
  },
  "rps": {
    "mean": 16646.8480563821,
    "stddev": 2066.8598945592103,
    "max": 21374.188488072272,
    "percentiles": {
      "p10": 15213.881145157122,
      "p25": 15953.990723110173,
      "p50": 16902.192214330298,
      "p75": 17923.85306365708,
      "p90": 18452.308976594446,
      "p95": 18686.936376341186,
      "p99": 19656.5992117693
    }
  },
  "details": {
    "DNSDialup": {
      "average": 0.0007831548400000002,
      "fastest": 0.000093276,
      "slowest": 0.001201609
    },
    "DNSLookup": {
      "average": 0.00000647482,
      "fastest": 0.000003156,
      "slowest": 0.000032231
    }
  },
  "statusCodeDistribution": {
    "200": 166340
  },
  "errorDistribution": {}
}